feature1,feature2,feature3,feature4
0.4967141530112327,1.399355436586002,-0.6751782749743815,-1.907807557877391
-0.1382643011711846,0.9246336829127688,-0.1445186707155178,-0.8603850107795019
0.6476885381006925,0.0596303699201741,-0.7924199209999613,-0.4136055334216442
1.5230298564080254,-0.6469367777055739,-0.3079615296390403,1.8876876573401904
-0.2341533747233359,0.6982233136135899,-1.8936146669537857,0.5565531245337582
-0.2341369569491805,0.3934853854217496,0.2132937073729385,-1.3354815690998914
1.5792128155073917,0.8951932200277323,0.0012054753622242,0.486036289417637
0.7674347291529088,0.6351718016819695,-0.8170886310681906,-1.5473039889383655
-0.4694743859349521,1.0495527153193351,0.6592456684324051,1.082691053887073
0.5425600435859647,-0.535235211560568,0.9375701376265584,-0.4711246518178786
-0.4634176928124622,1.3173940656343257,-1.607559864368974,-0.0936361887391708
-0.4657297535702568,0.1975996046923996,-0.7627247785662142,1.32579664754219
0.2419622715660341,2.075260872625265,-0.7691423497872982,-1.28716356858425
-1.913280244657798,-0.6891878180895679,-0.9399031011088648,-1.3971181851129912
-1.7249178325130328,1.7359638031652491,0.8294748419317485,-0.5835993263460049
-0.5622875292409727,0.1979107834626478,-0.1938261387728035,1.0383788510193166
-1.0128311203344238,-0.6514180036144483,-0.2645148413106107,-1.5193460754768424
0.3142473325952739,-0.4838858340543215,-2.003862364406753,-2.832155598110569
-0.9080240755212108,-0.3203473081943201,0.6354180302092264,-0.4511588584089988
-1.4123037013352917,0.4241659464019164,-1.2392583948534726,0.5517407999109204
1.465648768921554,0.5228354880354996,0.0599326302663282,1.2002617497388293
-0.2257763004865356,-0.573700003938579,0.2773769379581917,-0.463161362085399
0.0675282046879238,-0.0243545922609828,1.360658595838651,-0.4114266071160024
-1.4247481862134568,2.142270358611864,-1.308820399119112,1.1539007342557472
-0.5443827245251827,1.7275431701007111,-3.0195121558208253,-1.8697416996954208
0.110922589709866,0.4363236696740321,0.1838495447536948,-0.3885207751830092
-1.1509935774223028,0.0380034781682002,1.8005111815108537,0.1904238899250577
0.3756980183456719,0.1200313267182613,1.2389463529394371,0.4492187212850342
-0.600638689918805,0.6135179727304166,0.2096594152746257,-0.5098066931908826
-0.2916937497932768,-1.0227925651984056,-0.4916361856320473,0.0344410117058413
-0.6017066122293969,-0.2573765374233451,0.8071225966373103,-2.488327353412989
1.8522781845089376,-1.6685840738775894,-0.9735461997044688,-0.6582484123338483
-0.0134972247379339,0.3992231226052792,0.4763577693562192,0.4535087125544674
-1.0577109289559004,0.647195939702741,0.5054701591666269,-0.9822940342546796
0.822544912103189,-0.483186462299374,1.0602099074988798,0.0589842215895973
-1.2208436499710222,1.5739867632900328,2.7596600389110777,0.446872500802698
0.2088635950047554,-1.2257656630023412,0.392415967178767,-0.3425492008577649
-1.959670123879776,-1.4643748802098202,-0.5089636257074988,0.1704637709965709
-1.3281860488984305,0.224451818559972,-0.0255743121919944,-0.9627325652846124
0.1968612358691235,1.0470983026121543,-1.7690759048891185,-0.2066112796960466
0.7384665799954104,1.6839276914578687,-0.6947131310890582,0.6102161695892225
0.1713682811899705,-0.45888426286894,-0.409282438113104,0.1569729609684342
-0.1156482823882405,1.0786808334312956,-0.5240883979345925,-0.5865312695639355
-0.3011036955892888,-0.0385084695007072,0.152354872033722,0.224216404290793
-1.4785219903674274,-0.1726272999408196,-0.8224199323822006,0.714609790636618
-0.7198442083947086,0.8836599374866724,1.1210306673244714,-2.049941278577478
-0.4606387709597875,0.6523228784134196,0.000207064918197,1.1590740649558977
1.0571222262189155,-1.5763921569842494,-0.0093003211386144,-0.336254738681072
0.3436182895684614,1.4765403497258958,-0.3278947165129178,0.4254899332402302
-1.763040155362734,1.3800913541474515,0.1551906838589791,1.197246923645228
0.324083969394795,-0.6255627015095294,0.8250982646676347,-1.371673697230466
-0.3850822804163165,0.395803533437409,-0.8671302157109003,-0.7094410024275466
-0.6769220003059587,0.4940301862827388,-0.6581164890752567,-0.2885486958757048
0.6116762888408679,0.2606737658239071,-0.3037260287766646,-0.7837535211244283
1.030999522495951,-0.5503051538454201,-1.345870923473215,1.7349365758368085
0.9312801191161986,-0.6716233679380516,-0.8192578597214978,-0.8567720938267928
-0.8392175232226385,-0.0255540709914452,-0.476220873544659,-0.5555467794868666
-0.3092123758512146,1.172729019259365,0.8743891807127275,0.2043890316029767
0.3312634314035639,0.5436001545944323,0.2625613290019249,-1.2021495260760888
0.9755451271223592,-0.3706143320861059,0.1935899113675443,-0.3956807117562638
-0.4791742378452899,0.7716987106483447,0.8508979621679722,0.3174532612501751
-0.1856589766638171,-2.8485426206300755,-0.1373717883993966,-0.3328604043825112
-1.1063349740060282,1.1487657003721037,0.3904648499288896,-0.0933868588999482
-1.1962066240806708,-1.7397137787780996,-0.1032217529324962,-0.5293321124483709
0.812525822394198,-0.3624409414031321,0.2653623493996284,-1.514470309180767
1.356240028570823,-1.119669894626144,-0.5827586576115821,0.3215932113392385
-0.0720101215803338,-1.2946814757209058,-2.438817158276429,1.7549330716472415
1.0035328978920242,1.1608267873785194,-0.1342791621863041,0.0184016307834381
0.3616360250476341,-0.4677012013118913,1.42274813609994,0.2252641172475495
-0.6451197546051243,0.3465038817307158,0.9262154022415924,0.6927227551168594
0.3613956055084139,-0.046920578879184,0.9653974845911708,-1.2693304965466992
1.5380365664659692,0.4770408272231214,1.236130721806218,1.7025146581296056
-0.0358260391099515,0.0768218910602553,0.0886575909614374,0.202328796422802
1.5646436558140062,-1.2829922241885696,0.1973157074055956,1.631856899089109
-2.6197451040897444,0.99626681944714,-0.6176518954343502,-0.7330329955239894
0.8219025043752238,-0.4937565831613125,-0.3160728560270497,1.8180619225578247
0.0870470682381712,-1.556581898659751,0.6157711497711416,0.7751554940347831
-0.2990073504658674,-0.4281151609659125,1.2038844371688162,0.5530400858523584
0.0917607765355023,1.5007597906343109,-0.1394462756809995,0.2340244543531479
-1.9875689146008928,0.8502217421134929,-0.4501892648514116,-0.2485286180744493
-0.2196718878375119,-0.3486521344078592,0.0005279588565972,1.2005316584738726
0.3571125715117464,-0.3492577043184288,0.6012067489291149,0.1403598698480469
1.477894044741516,-0.3216350512173826,-1.4438548161335418,-1.9670697035871525
-0.5182702182736474,2.076747983560841,-2.296180953137238,-1.1171864617070024
-0.8084936028931876,0.3819354522315533,-0.5505368494915835,-0.1858457521927473
-0.5017570435845365,0.4300416471910696,-1.2207124259141586,0.3099989831655551
0.915402117702074,1.0302834540318422,-0.5081401976473109,-0.0565884888998958
0.3287511096596844,0.2387891590265135,-0.1477803188174715,1.2189707897936632
-0.5297602037670388,-0.2590421458207031,-0.4532484090230134,-1.9511018640386248
0.5132674331133561,-0.1963498490849782,1.4524675344707454,0.1435879365051602
0.0970775493480403,-0.0716012594140639,0.32674476460232,-1.8179792253871547
0.9686449905328892,-0.0372222365098415,0.3004743596108283,0.7597122954841684
-0.7020530938773524,0.7276295436369798,0.6222071440434019,-0.0944587144420027
-0.3276621465977682,0.0519458858072994,-1.1388331177807691,0.4196099720241181
-0.3921081531321576,0.7326400772155792,1.0391117874202689,-0.8638829605897661
-1.4635149481321186,-0.0807165801085823,-0.0757642865354598,1.279464931657751
0.296120277064576,0.0786351903160905,0.6704806172412126,1.0417246640588511
0.2610552721798893,-1.998200684532108,-1.0718572330401557,0.5835443030118876
0.0051134566424608,0.9163276747024814,-1.5537587660160643,-0.1295172468634407
-0.2345871333751469,0.3464884758979927,0.8178896580250287,0.5798572852951321
,0.9980101098596522,0.3764095260975166,-0.7068925679873489
,-2.8962553781936893,-0.9020515543575104,0.8555556590207121
,2.0883747047807275,-0.8696630812746944,1.649480894323921
,-0.1395896281551737,1.1254347844147694,1.0706105599791862
,1.1081828167375165,-1.1894118928673278,-0.7296024698074095
,-1.0399059271255309,1.6426729532559634,0.3614173172731029
,0.6127739050625697,-0.9006207346478687,-1.2931415437586478
,-1.053415563173656,0.638391925608383,0.5723903111756757
,-0.6237689606958051,-0.3286184757489846,0.4506034128625388
,1.914031353866786,0.6031874310823431,-1.869816339532164
,-0.1906824007633465,-0.5441140021141926,-1.1617838439123638
,0.2174328731797228,-0.1627929060722942,-0.2831388967437671
,0.8700677306887542,0.0409191753957211,-0.3008597471408262
,0.4956818879726046,-1.0021874557814727,-1.2094769354188053
,0.1504189051435764,0.7408243454201259,0.3889787293521837
,0.3649610024662254,-0.5132135664715852,0.2514736089405121
,2.403415585238275,-0.2285999153400185,-0.1942691319785193
,-0.0576187970335853,-0.9943493746085122,-0.7557915001583629
,0.2010990467149675,-2.5623336587953105,1.0487071264165635
,1.050654396007612,-0.191027762600169,1.6554071130882952
,1.1055259329579838,2.412615421612916,-0.4835614838465371
,1.18703030556038,0.7846042878980238,-0.6121669171548207
,0.6387302220291846,-0.0192603797343946,0.4912076654119963
,-1.1430049127304835,-0.2628908292082677,-0.3580293797469862
,1.633431532301096,0.0224658928120463,-0.1393972006632341
,-1.146345393018688,0.54711911517521,0.7396531517246714
,0.3026354652390332,-1.1808128153088449,-1.9093560875072928
,-0.7542758500193579,1.114321694668872,1.3183023248526693
,-0.0641383465929925,0.7153813154412441,0.0726805243293413
,0.3287624103034804,0.7181857257079345,-0.4114931445621802
,0.321357215450273,0.4384757388097273,-0.0892341542214489
,0.4219207542352847,0.0196166576939899,-0.0375706449794812
,1.613711269058647,0.6728612359668199,-1.7312013034449254
,0.4535343015139798,0.591814133741378,1.494938227453236
,-0.2441566352906486,-0.3540407109410238,0.0413256322706184
,0.9640871682883572,-0.573601772896901,0.4430021304473752
,1.1894704889246406,0.1018562952619867,0.9515497705740428
,-1.2276078151369925,1.5490201514951871,-1.0211624575603002
,0.597400069849858,-1.2391070756539009,0.4734718990352284
,0.7011727423108983,-1.46752526575244,-0.2676410908987935
,-0.2975635033599919,0.1647608412365167,0.8467707752164937
,1.3757068133116197,0.050887701856018,-2.127227420351496
,-0.1500555870325267,0.1733416643704082,-0.099094300241269
,0.1255764534715422,0.2439531979085002,-0.6028206557839616
,-0.1730718242838696,-0.2232022546348051,0.4322629506341555
,0.0155790475814675,1.489863438602082,0.4700441873682021
,-1.0962750868952018,-1.6009039784765156,-0.7076258948220261
,-1.4400508825942944,-0.828497024780246,-0.7121738641760436
,1.5945050632249722,-0.1032547601490473,-0.1106653685573294
,-0.8469613483183278,-1.6431888111541673,-0.8966422273152082
,-0.9913923494563072,-0.1758544044320711,0.8419836954521269
,-2.153390113603715,1.6614701657280182,-0.3692072004474461
,-0.6389617476895022,0.0208864882959617,-2.9069882193216414
,-1.3230897934074983,0.2307009057186834,-0.3748220566218061
,1.642015160136369,-1.2601647651725802,-1.0385438208439723
,1.009817089342634,-0.6163614080394775,-1.6312758154609457
,-0.6881503451777238,-0.375196380323937,-1.2374266382225725
,2.2524358053443088,-0.317715096756234,0.10940847183297
,0.9817654869915944,1.281643795003769,1.3286408282482312
,-0.3248313835086224,0.5576910607251245,0.31318447386498
,-2.499405714873573,-1.111457956937032,-0.6065033882157397
,2.2909425725907417,0.2465047784320048,0.4559041951707027
,-1.389572466763596,0.4982217484967851,-0.4590903102189917
,-1.6453987469568918,1.1401490385212665,-0.6946003691631446
,1.0225704320096405,1.5805406865683735,-1.1543626682329844
,2.439752406339273,-1.0150941918278686,-1.7518288067517191
,1.3842728185105182,-0.8108575112103382,-0.3899237065594453
,0.5639091200523596,-1.2575778589146165,0.1580534899201318
,0.594754341665286,-0.2340198591069813,-0.0966236700148897
,0.8534155587803077,0.4663583744463345,-0.4159669279473586
,0.7589285897867651,0.987334516589102,-0.9457460606967812
,0.2811914239693758,-0.0759510236425227,0.6082461916849685
,0.104201103951876,-0.3198475232548439,-1.317131919946585
,-0.0625931278995224,0.1517579922487403,0.7760279138434754
,-0.7539645888666763,-0.835142901630023,-1.0022170189267248
,-0.280675076866774,2.0895387216947734,-0.752435237353035
,-1.6929568141953857,-1.6076610271180587,-1.466785190615677
,-0.0983396267947498,0.1847405788957244,-0.5014021468856367
,-0.9885911071509176,2.02360621922964,0.9753124584779788
,-1.103589317215771,0.0067998445599977,0.5156280884439565
,0.1798941511534784,-0.1900390350014944,0.9784221120280352
,1.392002286344599,-0.3574454228104272,0.5221425459339358
,0.918316606002313,-0.1803916817624078,-1.1036698285303692
,-1.570500603623177,1.3728484746765302,-0.3307892243275573
,-0.9896281365703375,-2.211861911329507,-0.7801991291174627
,0.940771187988216,1.5334337012963255,1.3305749040390402
,-0.9824873935383096,-1.423957152450145,-1.1967886464263116
,-0.2246331499970246,-0.2666523292344148,0.8936976893891109
,0.5500520990245519,-0.4292444202986618,0.8929538701087693
,-0.9683444548636352,0.5885532697707198,1.8296202017160872
,0.1053755061459599,-1.5981243518837476,-0.4096865926294973
,-1.3340254949182044,0.4621726660819428,0.7123221595801621
,-0.6013676439512137,2.0243096232868525,2.2816518365388427
,0.3197819341425369,-1.3631740045928105,-0.6176416769336966
,-1.5929937335316693,0.1897061676103956,-1.5350402475323597
,0.440474737960399,-0.6619821777966091,-1.880010033907764
,-0.0196377989266812,0.4258872061930357,0.7127120288613313
,0.5524899544171478,0.019147777415752,-1.883150208058584
,0.2239141340646614,-0.6414869090443096,-0.3723190529379228
,1.3641404299738442,0.487872284871074,0.4373131870389607
,0.1252245026479072,1.804348109786743,0.185175536829914
,-0.429405541125253,-0.1909037917272986,0.4254448641841722
,0.1222975030322837,0.7197579421481819,0.222289855800854
,0.5432980290363879,-1.2932729578711637,1.2788658133133932
,0.0488600703257043,-0.9564363768180087,-0.952316380738797
,0.0405916912038823,0.4724062778803773,-0.6769951384585313
,-0.7019916878067554,1.484116028535965,-0.772659445270824
,-0.6629009175509482,0.35561334878566,0.8301918118626102
,-1.4026052717996935,-0.3130580305231543,0.9003985883950636
,1.7495767431869391,-0.0007085945766459,0.4512253193185082
,-1.243863235391285,-1.2504077339697175,1.183493666889928
,-0.6929051977959073,0.6045153263553668,-1.1780408673763807
,-0.7184072655691974,0.8823330623234091,1.667224111551137
,0.8949243769444413,-0.4520903328330803,1.5232386217122582
,-0.2949496782920278,-0.4700421477595015,0.7356219972457467
,1.2477420726737338,0.2658782296520485,1.78179890877106
,-0.6734906242438685,-0.4367197360405955,-1.6566232076777738
,0.2789941622238019,-0.0661326146258224,-0.5244481362626519
,-0.8353470532597573,2.0997217891665154,-0.7353034606819523
,2.1451491277733883,-0.2470257007459966,0.7214793237573432
,-1.1875984190295128,-0.3583401520212222,-1.0501407396021456
,0.3098207102270275,-0.6475418056351592,0.7574951493374855
,0.6337768809320985,0.7441919714999368,1.3705361439967134
,0.4137990974514982,-0.181224173218103,0.6952029000839993
,-0.1852876588777083,-0.649373038321426,0.2837510236615011
,-0.1298206997334261,1.321304032273012,-0.9878733409007492
,0.0438114719791096,1.4196030045136372,-0.8468509661253646
,-0.1470020016284886,-0.6004235657387051,1.2496189052966666
,0.9638791167949096,-1.866539951360616,0.7793490039053323
,2.2105230015913517,1.007513689836922,-0.0390195193775441
,-0.5574917850078336,-0.684629825760004,-0.4179095457658905
,-1.3698029795790778,0.7906255991627686,-2.025807873111377
,-0.0882820483512548,-1.9701038177118355,-1.0708524186844388
,2.5797093376543185,0.8925973382993092,1.9114190871397236
,-0.8036745679697308,-1.2111719292807812,-1.2804555710024668
,1.6391168054440677,0.7307641190665245,0.1894798212210806
,1.677700814076441,0.0142730678364341,1.0074439731951983
,-0.5535882417079946,-0.9539394193966448,-1.2549226680022925
,0.5689830791852754,-0.4070363129267805,0.1847104747810833
,1.628396623128538,0.6863184569567008,0.937915537510655
,-0.3791277409874871,0.1058944531152342,0.0124993219072503
,-0.2035803601023617,0.5844129804724842,2.8684030556667683
,-0.5816809139486437,1.976440584515485,-1.6685992588781953
,-1.0147567306928669,-1.5642416117110514,1.0587285298838789
,-0.6492775450660071,1.617212574968624,-0.1728017373964643
,-1.2239402667622563,0.1043559375232129,0.7719201548366751
,0.034083468259226,-0.8987840483231282,0.4413071516992458
,-0.7699732310586418,-1.3303136257389898,-0.7331561971099966
,0.2337859117907477,-0.1891203907770335,0.2289963924593402
,-1.5558956462036273,0.9216501119244592,-1.8579014513982872
,0.330880232214457,-0.1275491203775342,0.6032475005713938
,0.8335289616089246,1.5111549302473477,0.2981584659905256
,-1.9937356425714556,-1.4511756900515589,0.6386601686431024
,0.3740565698475721,-0.0120889478460545,1.0581183250871502
,1.2276689924732922,-1.252393444413119,0.3676198402097109
,-1.2096410186912054,0.3636318826249679,0.1480894197982762
,1.6725723868377034,0.8868873900973003,-0.8810683366612923
,0.4190190093660452,-0.4207617936810532,-0.712220763649051
,-0.7050118557584089,-2.6042138566271342,1.186734620177331
,-0.055769077657706,0.1989481467964945,1.4363354057059785
,0.5583269125217224,0.4367385517335095,-0.238110436312054
,0.0760053914124115,0.4042947549616976,0.0460027472532741
,0.5387559924463692,1.235782191822154,-0.904614374993766
,-0.9206735930793662,-1.0710536796490489,1.1727568452674448
,0.169360824036078,0.6802161054504494,0.6654168236917787
,-1.4137144969049802,1.192507512477975,1.941217436463749
,-0.1112260613487003,-1.7785875840065168,-0.8783230771797389
,-0.9039076414647896,0.3196518259189772,-0.3780078990182172
,-0.7355299425897666,-0.5041798310076715,0.2314459225255723
,1.2360931752104374,-0.0815226731016458,0.6464895377257707
,1.091310120594269,0.3476764835383363,-0.2156676375476323
,0.609138120907177,-0.4872285641135523,-0.8729610904537004
,-1.092312764672579,-0.6757080791616118,0.8814075289235711
,-0.3164084496948019,0.0341524174880246,0.7211353625455816
,1.2130976999791834,-1.0872459388628026,-0.9162741005637248
,0.1417169136399047,-1.0858251288851857,1.3554428011054958
,2.319329539981694,0.6793732829565033,1.1701987091966035
,0.3933178393943718,-1.148794035158656,0.1342964972477928
,0.1920491164900316,0.6663125009092119,0.0795978623760363
,-0.3091164642025014,0.4625912928539512,0.5540577711159071
,0.1335409047822823,-1.7258067287905967,-0.8617030702562581
,-0.1524698363805439,-0.6775646523356551,0.0300314791640821
,0.7081086766885905,1.1941094030473725,-2.1523835446091804
,0.956702316794584,-0.9811655311396816,0.8764556455029355
,-0.7859894605079495,-0.4644042623093876,-1.5614932224418594
,-1.331232953557778,0.4620608932518965,1.503419828428999
,-1.8362053731032968,0.7833905092825955,-0.3301200939664503
,0.5079913269125437,-0.2515388860444957,-0.2116669819311769
,-1.1033666061738736,-0.5975101946916416,-0.6277339060845056
,-2.152890592952483,1.4223698616985077,-0.2880388739220764
,0.3885786045309641,1.7388996637975789,1.4185313451480366
,2.4929995174327906,0.9788580507817954,-2.4878086565350794
,-0.0060709115398933,0.085318142565024,1.2769653860881878
,0.8384907744516419,-0.8082657216409264,0.3380234811017081
,0.081829358547565,-0.8304444065565653,-1.2070216478572156
,-0.0988896531911426,0.5225141052657575,-1.075312393049238
,0.9190764829877686,0.4183982208886837,1.676393027208203
,-0.2902745441886513,1.4015985929464294,-0.9455068799427312
,0.2673923140719029,0.6504500925361392,-1.1533505105959594
,0.3216978061960136,-1.503080301759818,1.1373145423647293
,-0.6680904536430488,1.0519476177229186,0.3385528762859142
,0.9920423495365228,-0.9980606273144128,-0.9379255765363989
,-0.1749597566954086,-0.3839712719523516,0.216624975404619
,-0.7557451594928447,0.2502002062516945,-1.0257526836402773
,0.5365098435704035,1.9956674897839644,1.1008213984226052
,-0.8984679817910373,3.109918556005361,1.0613709648731335
,0.0281811573691282,0.6067230591361827,0.5320061988219431
,-0.0091189966442035,-0.1831966187203878,0.3616610612470166
,1.085895565831578,0.5345056484805503,1.7611881248673735
,0.4746982328799528,0.8876554258738361,-0.0003136726117747
,-0.0250269587451439,-0.3206676255571917,-1.1818741254208012
,0.8177662992002871,1.7952113559123222,0.4494739128323068
,1.3902075490173134,0.230070759191402,2.0860470495371137
,0.5578103063518622,0.4977430890913942,-1.014759493185852
,0.0103526198433806,0.6659242520544614,-0.3614627666939857
,-1.3118362323501596,0.4215866106144557,0.4164460381014526
,-1.0651136630753726,0.8389405004696122,-0.0539048490057391
,-0.3052247043546676,-0.6172531865469232,-0.9823035803773146
,-0.6095122021592831,-0.5583017539460305,1.1218578562304709
,-0.186971302985446,-1.100154232971695,2.3200407220172594
,0.0566499248971071,0.4395012306202264,0.1961314590239073
,0.5296927543567308,0.7789365035121141,-0.9040682897360004
,-0.0704987780590912,0.4577728661518858,-1.548960525053475
,0.4865016438262019,1.6744924333475373,0.2579759812211809
,0.0644744148101202,-0.0055960188290465,1.1038773433162576
,-1.9754665663538715,0.6687416555925126,0.4751677464953816
,-0.9393353938187544,-1.0917008761393143,-0.0024038409188538
,-0.1440875557216154,-0.387099702474401,-0.5892716517893062
,-1.2096947428411076,0.6955377575657775,-1.0921636327180897
,0.5999287299962045,0.849102110743144,0.8347513263248821
,1.5307508323436974,-0.2939669476641822,0.9137716213855857
,1.2187618516973169,-0.0715992518580668,-1.5457297866907331
,-0.213442870930208,-1.5178737466808094,1.589838978180684
,1.490726136849952,-0.3570292008066094,0.5740712208940013
,0.1486674572021115,0.8903831635197862,1.3995946451457937
,-0.3370859711180393,0.5752050161065663,-1.342127748485115
,-0.6134026635409398,0.5006657213812097,-1.365824155415439
,-0.3024696864881283,0.04977368718096,-0.1489693097672969
,-0.3881768185412287,0.0070631586281764,0.5027844268951942
,0.1704162223754877,-0.6603211394734471,1.7963608229269636
,0.1605739810498646,0.6988284202025348,0.7060789138151315
,0.0030460201534144,0.4209729443893898,-0.2426812768120333
,0.4369381697463498,0.4920188479927992,-1.026369207665892
,1.190646274786341,-0.5260348426675804,1.23000057271915
,0.9495541354413236,-2.1533429198712444,-0.9647054257507148
,-1.4848979684499035,1.0971527117536957,1.6284685547723217
,-2.553921134901955,-0.4788374560084041,-0.2843846496065093
,0.9343199112392736,-0.8627757640431206,1.5905820726178503
,-1.366878698415421,0.6934789119139937,0.6789312900592783
,-0.2247654018926835,-0.3920126399191296,-0.1369954894424582
,-1.1701130260593595,1.0599363840466218,-0.5193963718261266
,-1.80198043758002,0.6170059495766975,-0.3409078773460798
,0.541462728204788,0.6835693232004776,0.4283166923752375
,0.7591551603026468,-1.3659557112005345,0.0771564962177167
,-0.5765104007267194,1.2119439853864005,-0.5938114080687051
,-2.59104229214491,0.261250531233856,-0.1656314103176322
,-0.5462444482524828,-0.3692771392462031,0.0785770297191498
,0.3918040054025465,0.143388467342251,-2.128734094414812
,-1.4789115687741288,-1.77623523289832,0.4581681147886987
,0.1833599197791556,0.4086528114806708,-0.9797212247168068
,-0.0153098491729955,-1.0293715081820716,-1.153332403205745
,0.5792914996010884,-1.3526702858435344,-1.6873443471107104
,0.1195803684141532,-1.5223591862178911,-1.7938924978678903
,-0.9730689408815556,1.1126883749899252,-1.3554475031122892
,1.196571501664491,-0.6292633936927887,-0.7090209576304904
,-0.15852957302697,1.5337277099164992,1.953259137526568
,-0.0273045395099318,-0.5358014630522978,-0.5258796758952039
,-0.933267959073196,-1.7073579575929467,0.1777501062680313
,-0.4432822511915103,-1.1165244399486591,0.4004813865063287
,-0.8848027140269009,1.235811620006939,0.1310651862158487
,-0.172946059923423,-0.1558981779366675,-0.0774434607259936
,1.7117084801423434,-0.5482872964906009,-1.1952937635992449
,-1.3719011429313563,0.1600182258527877,1.450927548279212
,-1.6135613978767411,0.501782736167545,1.8071966436378848
,1.4711703274936083,1.1173988159024608,-1.6826586941226858
,-0.2093236771518661,1.4484992298929262,-1.0240285908863795
,-0.6690727386599166,-0.3597686457890857,-0.2798103423770061
,1.0399046873960764,-1.3260476860820385,-0.9645377949101912
,-0.6056155397368641,-0.413465161123276,0.5059655534558652
,1.826009713546936,0.2602805065828861,-0.7282722024066131
,0.6779258713392691,-0.9637589262106108,2.1650560678066024
,-0.4879114081457026,-0.9571509148950428,1.190548594343596
,2.1573082132655035,0.3437878815498854,0.2125740306322149
,-0.6057149230033384,-0.0486523515704511,1.0269862633197322
,0.742095372009307,0.0327969954115865,1.105900424357309
,0.2992925804064919,-0.7584953347000695,-0.5639474880582432
,1.301741289398798,-0.2304007142057673,-0.8162172445419648
,1.561511196726853,-0.9242331442683044,0.0781430629696474
,0.0320041490657666,0.8901984111247868,0.861636124497944
,-0.7534178703461835,1.0352493347237526,0.1390603986534176
,0.4599721429391164,-1.8461878622380936,-1.5769964821909972
,-0.6777153697521061,-0.92951086019241,-0.8028244439508423
,2.013387247526623,-1.496529255090079,-0.073972863594378
,0.1365353310827374,-0.6500239344068982,-0.0756656043258302
,-0.3653215513121087,-0.0834379697903608,1.972542176789808
,0.1846803058649084,-1.44964521969853,-1.385987942398998
,-1.3471262895296965,-0.9218598131253132,0.5055892418358746
,-0.9716140385106516,-1.0039573720814985,1.4891131083282896
,1.2004139079444254,0.2072673293989439,2.271449745422796
,-0.6568942789713957,0.0693443370362504,-0.4043974231839612
,-1.0469109826819396,-0.7217375533372533,0.4914294527201998
-0.5993750229537729,0.5366527525272862,0.1768208721393979,0.5697603571986469
0.0052436997181831,1.185704154662997,-0.5466800845872654,0.1954817315532908
0.046980593764742,0.7189533106650667,-0.2716551103260533,-0.098845201239306
-0.4500654714792436,0.9960476858058164,1.673452090298537,0.4359753895000459
0.6228499323474987,-0.7567950885694608,1.340461051790348,-2.5322460852196853
-1.0676204293825944,-1.4218106667418438,-1.2995812369275976,0.6820694900626313
-0.1423794850212935,1.5013336519554867,0.8297324178791745,0.1261779036619671
0.1202956317118988,-0.3226798388421357,0.8113965544915921,-0.2224748967782653
0.514438834058749,-0.2508330164550473,-1.1482632887526183,2.046862195719558
0.7116148780888898,1.328194141849058,0.8187776437548606,-0.6749340187905523
-1.1246420918378692,0.5562300094006599,1.5379319184125528,-0.4030759890650308
-1.5341141707356225,0.4558877720816076,-1.122544806244414,1.991553302204734
1.277676821898509,2.165002344901084,-0.9175028210142636,-0.8320613048498566
0.3323140119795916,-0.643518230380143,1.0176614668435024,-0.5501152829365389
-0.7484865365565536,0.9278401280812372,0.271495310825648,-0.1470254234308499
1.551151975522523,0.0570131248970845,0.5514762752395233,0.8407344821295493
0.1156746342928586,0.2685922788632569,0.3405892164004968,0.2078025073533134
1.1792971840638264,1.5284684264125317,0.3906959209281441,-1.2926253471522626
0.0675184814101089,0.5078357562896237,-1.326472128311083,-0.5321685631271895
2.060747924881987,0.538296079049633,1.0473177066214483,-0.6073544332122114
1.7553408424432044,1.0725073373098022,1.1695899924277735,-0.0772210452230455
-0.2489641484790735,-0.3649527295428853,-0.2293907440680277,0.4258436586298291
0.9715709509543554,-0.8392096673390064,-0.0434769498138624,0.4182057558879721
0.6453759495851475,-1.0448091940210336,-1.531107502555722,-1.7760117540484022
1.3686315575323489,-1.9663565893760016,0.5142547560178349,1.063940987560856
-0.9649234605801044,2.056207129940322,0.5720574417141441,0.2525688459966235
0.6860514599984393,-1.1032083657216831,-0.062191016999311,1.3845320475939062
1.0584244868495878,-0.221253623585772,1.1243533598705029,0.4441983272906719
-1.7587394864231145,-0.2768132998889206,-0.3340772309799405,1.1013229577357622
-1.183258512665775,0.3074066978091007,0.5646059258936003,0.4665453114501269
-2.039232177760101,0.8157372125392968,-1.0196643386921156,1.3462257562027482
-0.2694068344445577,0.8604734883597454,-0.0235521508742381,0.5222506360177785
0.7175422557959623,-0.5830774385689385,-0.1743542579028358,-0.097915246442904
1.502357052096028,-0.1671217137864115,0.2253079220409415,2.2724347204468818
0.0740947804197751,0.2825799504882996,-0.3695269288333586,0.8890371222798921
1.6286155455712918,-0.248691126183547,-0.1314725956716678,0.5737444210044131
-1.3801014582148914,1.6073455760199926,0.8260471714415063,-1.276304416538336
-1.7033824393551549,0.4909749516382513,-0.4367642372382174,-1.2883076174635375
-0.0555476988966187,0.7348777860498175,-1.606577100738679,0.2927154821418534
0.3840654489393073,0.6628812686674127,1.7495839042054206,0.1455211977682408
-0.0326947480940931,1.173473857485325,1.3814540786904863,-0.6141225650083162
-2.0674421000398766,0.1810215587037069,-1.2922626951056186,0.14098269961206
-0.0891200395127884,-1.2968319479558466,0.6897078052451944,1.5886269280435958
-1.3044695005048532,0.3996879517526416,-0.5029747705513431,0.6954024745502987
0.6696725488300385,-0.651356893791829,0.2634872153310595,-1.1410085097527385
0.3665982460968482,-0.5286166817497568,0.2942241290134937,-0.1115088271429437
-0.9398797863273552,0.5863640187550933,-0.234407800316322,-0.8049664808525608
-0.5138669173366935,1.2382830714336357,-0.7837656655863965,-0.3876999164085611
-1.0592135218889516,0.0212715767360616,-0.6905410523162594,-0.4136156656296427
-0.0626790972731718,0.3088330125989638,-0.9161919154812423,-0.4776455826040052
0.9551423205012384,1.702214944635238,-0.8318222082304447,-1.2551353719733949
-0.9857260463355436,0.2407531794885682,-0.0671782900493552,-0.1276546815181901
0.5040465155178444,2.601683114180395,-0.7157599891107518,-0.56060763684731
-0.5302576183724408,0.5655096456315442,0.6820520657126199,-2.929448690002268
-0.7928728322623442,-1.7607627591558177,1.4872461553359273,2.052972024501663
-0.1070303599545578,0.7533416211045325,-0.580053241370043,1.088769654216672
-1.035242322419374,0.3811583848827777,0.239404500535377,-0.376300724924996
-0.553649305347182,1.2897527540827456,0.4996851103029338,0.0188190497405984
-1.1978778925888485,0.6731813512699584,0.4720022709192744,-1.1716543473175618
1.9647251329163893,-0.1384559839837738,0.0759552679160874,1.6957228778108653
0.0352635519717286,-1.2242982362893655,0.7426824183597224,1.897288694773112
-0.6997255079925856,-0.2090232572860252,0.4822489526806572,0.1566937282465246
0.213979910734222,-0.8505204542093001,-1.2376624223272978,1.023530644185345
-0.1123280496908298,-0.5805234498047227,0.8691560643892732,0.1752867789339238
-0.2209695995332229,0.5885784044206096,0.8872908372667421,-1.3367254388759306
0.6141667000434252,1.6699045043514062,-0.7632861041785816,-0.4118233689636573
0.7575077100473051,0.3946715298229811,0.037937835447602,0.131927966771957
-0.5305011476105275,-1.1958830620351844,0.6833289928110694,-0.4545477187434442
-0.57581824064468,0.4446026682201407,-0.2093138195793615,-0.218653277435036
-0.275051697151644,1.196631486645651,1.0729780477660118,-0.0913995575091144
-2.301921164735585,-0.6097829043193822,2.3638724946193608,-0.0808784978654613
-1.5151910621985525,-0.1340171666729177,-0.7859860326349823,0.0522584904974832
1.366874267444525,0.014688194729197,-1.3810446031537749,-1.060605066396601
1.6449677135012837,-0.78489831308224,0.3038185956048757,-0.7170161491279362
-0.2490360395563783,0.648280433843859,0.7215625051261435,-1.2845842656999693
0.5765569630557664,-0.1209481486077815,-0.2308663738447689,0.9778155496862004
0.3112501545435361,0.4195324439070277,1.4532606633210343,-2.1056469418403245
3.0788808084552377,-0.8874921778021001,-1.3386057997232488,1.1535903433169254
1.1195749114345768,-0.4374583003234104,0.6929186230316111,1.3863493972628431
-0.1279175914807665,0.7223813578277714,-0.6058608207588934,-0.3021805869826214
-0.9555404406004258,-0.372833152091767,1.7193779062072967,-2.6031370878272986
-1.6064463202575725,1.7269638512334051,1.9925153531681183,-0.3613105619672905
0.2034636358672231,-0.3996361856146023,-0.7666565877833479,-0.0641841612888192
-0.7563507452843033,0.2246847257518859,-0.5495571359085801,-1.0105982199289134
-1.4222537095976742,0.93259083187309,0.8595878869798019,-0.5152183938082427
-0.6465728842425266,-1.4183657329330317,-0.3871306497895146,1.530195198863351
-1.081548003614395,-1.760808811980776,-0.0454112179322382,0.664927162301741
1.6871416350725648,-1.5256563145700948,0.0253884205424101,-0.9245641143781
0.8816397569494505,1.262584103427182,-1.9196731561976563,-1.597599169595432
-0.0079726413166173,-0.5518581458924467,-0.0138377460942372,-0.3270173176097711
1.479944138890026,2.5581992856682523,-0.6897277740641738,-0.2134567793504382
0.0773683076476183,-0.5642475986573886,-0.493122822399772,0.4961991873633163
-0.8612842013282637,0.1845513031970369,1.4436320034688142,-0.535316712567659
1.5231240772696573,1.5421099525678756,-1.2565068942792563,0.5114995753618614
0.5389100436846587,2.006092888159123,0.8132051867479773,1.9351540400602287
-1.0372461543264564,2.061503576636398,-0.2789629303318085,0.8155010224442626
-0.1903386780836082,1.2083662305931424,-0.2797601684958344,-0.0480885073307725
-0.8756182533847572,1.0240625258114624,0.7903718960517113,-0.1831504710532946
-1.382799730964336,0.5925269492011831,0.3400512945688904,-0.3566731341798712
0.9261775475316414,0.0,0.570612997219531,1.1806409124521446
1.9094166404701305,0.0,0.9681846605328612,-0.6273134459513029
-1.3985675738191412,0.0,-0.3313083831833227,0.0452227089999825
0.5629692366905709,0.0,-0.6122367345077503,0.0511979018810853
-0.6506425691218269,0.0,-1.085150526557798,-0.501784192811532
-0.487125383764696,0.0,-0.8254105299789551,-1.3724655478841008
-0.5923939242388692,0.0,2.949094425308725,0.3229745036176681
-0.863990769679816,0.0,1.2446795807367868,-0.0610039718553835
0.0485216279448269,0.0,-1.3510743662080211,0.5002404694365699
-0.8309501164110378,0.0,-1.32245795674357,-0.5336003064391669
0.2704568257798388,0.0,0.4818660617184915,1.2208212988130478
-0.0502381094491369,0.0,0.547264797377967,-0.8767737812118448
-0.2389480468664097,0.0,0.5488838353173644,1.7120402840178923
-0.907563662041598,0.0,-0.2549557935536978,-1.7476365098282616
-0.5767713305683327,0.0,-0.1254542600029002,0.4347700645568911
0.755391225825756,0.0,0.3278795241593574,0.4754306825266234
0.5009171876243808,0.0,0.0858930062933304,-0.7955570679408823
-0.977555244798551,0.0,-2.219300372747535,0.4243939378610126
0.0993323054292258,0.0,-0.2297996305751938,1.2795186697601588
0.751387123371789,0.0,-0.8514064342603136,-2.2168188393540644
-1.6694052811213718,0.0,0.175211418908512,0.5027448074908146
0.543360192379935,0.0,2.98525900260341,-2.493270820330077
-0.6626237589458467,0.0,0.3674816654743044,-0.965664803523208
0.5705986685931593,0.0,-0.3135296861723979,1.6291663649009451
-0.7632591565425169,0.0,0.9218015019772522,-0.581782033392054
-1.804882100664519,0.0,0.4826878872092127,-1.1738799644089726
-1.6275424378831629,0.0,0.4200944904518413,-0.1979377289846818
0.0480849466613819,0.0,0.606850593215671,2.067906338163552
0.2597225017214818,0.0,2.0565435648295414,-1.831682247206026
-0.9043166251044086,0.0,-1.1308884353259157,-1.0513099116393445
0.6385924587773739,0.0,0.4736320768114544,1.4974316831796264
-1.66152006226896,0.0,-0.9263811299815384,1.8577023435377324
-0.0660797986473165,0.0,0.5555126463422483,-0.1034312242902839
-1.211016199762457,0.0,-0.9186865114860944,-1.2390527025266425
-0.6518361078021592,0.0,-0.4173668136050844,2.095843501809159
0.047398671316414,0.0,-0.2950899142379063,1.5944423917491968
-0.8604133652839524,0.0,0.975816719344709,0.678946987762233
-0.3845555442298253,0.0,0.9184544439424138,-0.81240234893742
1.0062928092144403,0.0,-1.2457173764463845,-0.0490293408380367
-0.5768918695231487,0.0,0.0549341109998487,-0.1603600810448307
0.8356921120651418,0.0,-0.7095798547491726,0.3308513046155777
-1.129706854657618,0.0,-1.2585049106753343,1.451001438131336
0.5298041779152828,0.0,-0.2170170504243704,0.8794170411374032
1.4415686206579004,0.0,-0.3084827884558197,-1.0773760769847582
-2.4716445001272893,0.0,2.4267164863455224,1.3764964500195378
-0.7968952554704768,0.0,0.4329598253606961,0.3131321400131553
0.57707212718054,0.0,-1.3776175007542373,0.6870657958589163
-0.2030453860429927,0.0,-0.5647740041709423,1.466540859278603
0.3711458733713088,0.0,1.0213832954293984,-1.1115802495135512
-0.6039851867158206,0.0,2.088442772869925,-0.0358255787064629
0.0865897874728999,0.0,-1.5859833122379583,-0.531454551359215
-0.1556772353920794,0.0,-1.879924385139045,-1.567859425365456
1.1677820616598074,0.0,1.8709651753717824,0.3467099776049199
0.2544208433012131,0.0,0.3896141773709038,2.511556551584424
0.3376026620752022,0.0,-0.8682927318763665,-1.8400777445057528
-0.4118769661224674,0.0,0.5346290861224353,-0.0322806110494703
-0.4876062240724935,0.0,-2.6357477390168778,0.6405429350747734
-0.4325581878196209,0.0,0.0033755065971609,0.1230782016561811
0.3944521423782968,0.0,0.3278211728430852,-0.1131280525157404
-0.4209844808202629,0.0,0.9242701395378298,-1.2992163634458245
0.2897748568964129,0.0,-1.0138959522925377,0.2327867429401636
2.075400798645439,0.0,0.085687161403359,-0.7567639770159263
0.8711247034316923,0.0,-0.9254246260595872,-2.1899217049785533
-0.3260235321678411,0.0,0.2553837556743171,1.1945922205137307
1.2012139221639448,0.0,-0.8953463223630241,0.9583858198420424
-0.4080753730215514,0.0,-0.4081008391602206,0.0516609768510798
-2.038124535177854,0.0,-0.9958153947902292,0.2290746882057025
-1.008086310917404,0.0,0.651136241823657,1.0743180127155614
-1.870791921025856,0.0,0.8584511166566653,0.2243396567780826
-0.3515134840413086,0.0,-0.2346205699574138,0.9040175547613144
0.0184183791895517,0.0,0.0382379949600283,-0.2974822008738501
1.6764373122752827,0.0,-1.448591414633544,1.3119837385739466
0.3269273737641626,0.0,-0.299676648006787,0.3207857259326839
-0.2191005288088642,0.0,-0.0502046170417447,0.194051943605874
0.8294055811834892,0.0,2.620793091029975,-1.270061088712032
-2.211135309007885,0.0,-1.1119670257741636,0.2869558543017087
0.2356145581085659,0.0,1.4641772387524374,-0.8319549174944512
0.7708651938869668,0.0,0.996858773465808,-0.6382827265284942
-1.4785862457798415,0.0,0.2806364044901364,-0.8153756283161211
1.143754043206929,0.0,1.7586204841951334,-1.066234931899225
0.3384964074944141,0.0,0.3721054726068629,2.124771403016961
-0.4152879139008013,0.0,0.3891591956679287,1.3313390619884031
0.6327818661062848,0.0,-0.0531206530175453,1.9203675021442608
2.270692857804396,0.0,1.2235688824186275,-1.222895019555564
0.1818662550584951,0.0,1.0964692338108837,0.0712537499108924
0.248220586300336,0.0,-0.6256772874962124,-1.2935076252040958
-0.4593608995402441,0.0,-1.3192471945987674,-0.695694877197064
-0.8498443694647918,0.0,-0.202980637395657,-0.9181269834165748
0.8303358165442456,0.0,-0.8000385643976464,1.2395840064415615
-0.8560838259088672,0.0,-0.0635245746153551,-0.3962296781017598
0.0715662372193924,0.0,1.2374381346841392,1.0683793336940164
-0.4776574467651167,0.0,-0.45730165508679,0.604120889588518
0.4789798257463918,0.0,-0.0428233813115748,2.303638752104789
0.3336621052869483,0.0,0.0580227348083952,-1.479444223139724
1.0375399442578992,0.0,0.8484308822052846,1.259233239786799
-0.510016398854747,0.0,-2.246889333984605,1.1464408704007276
-0.2698749352933712,0.0,-0.6067002947652967,-0.9733788380270346
-0.9787637157823074,0.0,0.2112836922794727,1.0071333364731596
-0.4442932600761116,0.0,1.2000789564268612,0.3361449630262288
0.3773004930448522,0.0,-0.4919024475062051,-0.2274762599534077
0.7569886166453519,0.0,-1.876552706041874,-0.8239354869719996
-0.9221653241776254,0.0,0.6197114459661363,-0.7191094514491859
0.8696059201056602,0.0,-0.6353623888256293,2.049812095785926
1.355637858804951,0.0,-1.1896666590903613,0.0006828189574826
0.4134349032237008,0.0,-0.6243453897132241,0.7821300015314592
1.876795812558066,0.0,-0.1845253576558495,-0.7908993816675531
-0.773789199103573,0.0,-0.6047446645382127,-0.7798529462216388
-1.244654703311417,0.0,-2.205566057099069,1.0819848092499422
-1.7787202489042786,0.0,0.8970661968871322,-1.3495762115515322
1.496044311489183,0.0,1.2748750412787222,-0.4152137679052715
0.6543656563540577,0.0,0.6515219913395057,0.034027411072232
-0.055584670910455,0.0,-1.1376856704248166,0.1113726018400524
0.2799686263198203,0.0,-0.2014915339475179,-0.1790932850161562
-1.1254890472983765,0.0,-0.006521315229458,0.3958197810959231
2.4457519796168263,0.0,0.5987943895619102,0.6928557558178116
0.1292211819752275,0.0,0.6683404887180808,0.73463754545933
0.1093947946048928,0.0,-0.7341737987784958,-0.9858038086678268
0.725766623898692,0.0,0.0819955564135604,-0.2841550979287972
0.4810092317367132,0.0,0.4572804046152411,1.1947628618769377
0.2238840242791313,0.0,1.4558223221467663,0.8946471875738723
-0.7904744554453119,0.0,0.7045065398247231,-1.372859451481064
0.4714683571359957,0.0,0.7890566873755189,0.3514799003522016
1.8820244964750337,0.0,0.0838266279293609,-1.9782252493748105
1.3454200461549777,0.0,1.4104591452035038,0.0469349020603696
1.593186626639397,0.0,0.4097627959594974,1.897767016745977
-0.5112156764311852,0.0,-0.8610879101735704,-0.9478927172689864
-0.9896048202585808,0.0,1.4033699701251907,-0.8343230454915821
-0.1257869200996481,0.0,0.6979032725390276,0.7640297815728595
0.0557249122886946,0.0,-0.4430440211284823,-1.542801515209646
1.0941915184709483,0.0,-0.4794929673992433,-0.6327550298850391
-1.6924646297148194,0.0,0.2965755451407618,0.5964411375817527
1.5295503194606137,0.0,0.4631847952675847,-0.6342858476894031
-0.1580078985789894,0.0,0.1972922656312064,-0.2359699872109716
-0.42688106994742,0.0,0.3113086734428849,0.7441857103150346
-1.0121043752601675,0.0,1.6999573745763803,0.4215460835365612
-1.6548566718657691,0.0,1.0715431522348855,0.2668183962954019
0.8231705839619146,0.0,0.1906355912650243,-0.3391222792700387
0.0733179671884038,0.0,0.9413105807674832,0.3700611152689553
-1.289960899741054,0.0,-1.0325239035275395,-0.1237326800997566
-1.295078772063616,0.0,0.3979270499468089,0.4578056099257847
-0.3357846992901282,0.0,1.80930634973311,-0.4969320251179782
1.669021525289393,0.0,-0.2180458953923738,-0.1825689743795411
-0.2595913513636048,0.0,-0.8476339286190848,-0.989957792552014
-1.5031429531181062,0.0,-0.6520888885930607,-0.0350076100062359
-0.2457430640859443,0.0,-1.0896330373423884,-0.8110008636288448
-0.2727235697476705,0.0,-0.7847619081277034,-1.114046450161993
-2.696886642941572,0.0,-0.370508098590029,0.2586611478553881
-0.0542948665178122,0.0,-1.405567019178642,0.2127397758576603
-0.2309345302086779,0.0,0.015618333949603,0.7828737349485725
0.6962063648134184,0.0,0.9022771737866472,-0.431125569575099
1.8489560949453447,0.0,-0.9077561801469204,0.4080528468367557
1.1265650295477574,0.0,1.5192839236417688,0.5507975722736632
-0.2688886905548305,0.0,0.5107920885275947,0.4447738078315947
-1.1065259087416703,0.0,1.0305805856240573,-0.8256536828021421
2.5733598032498604,0.0,-0.6578345538521371,0.1493634822711889
0.0592184340144882,0.0,0.8545252270666157,0.3641402960546613
0.0139292919129462,0.0,-1.091933900395313,0.0071784669079419
-0.0241250871100032,0.0,0.8902475008365087,-2.0864776583710847
0.1980847607678549,0.0,0.1718393397935312,0.16048962397348
-0.1443604119239424,0.0,0.5532512199847837,2.212531039397242
-0.5736620068802363,0.0,-1.1755946056248516,-0.3600392687569827
-0.5468589412403921,0.0,-0.8950698422766047,-0.7280770978553212
-0.0327532702159983,0.0,0.5972282182533848,0.3733485597113982
-0.543424771133765,0.0,-0.9483480042242008,0.3123782104665717
-0.7128457826771644,0.0,0.463206292099123,1.1927351654164144
0.1064302276918968,0.0,-1.3671378064602455,-1.2578681559088878
-0.2549772174208553,0.0,0.8481742126666681,0.7313802525749924
1.5039929885826886,0.0,-1.232523314768509,0.5904220612514635
-2.650969808393012,0.0,0.5522999376795232,-0.1421465369405461
1.0915068519224618,0.0,0.6256309336460009,0.33868731792169
1.246085192497629,0.0,-0.6967718184295749,1.0294574815983573
-2.073390232408149,0.0,0.5820265670847269,0.8723153800284503
-0.3426875940803487,0.0,0.2604422633335559,-1.1430193120737286
-0.3714408659957914,0.0,-0.5388418561927383,0.8201581867554845
-1.4075116947178212,0.0,-1.008554684076208,-0.0646886050325184
-0.7778166875908753,0.0,-1.962625691672579,0.0728740980155153
-1.1105758454658288,0.0,0.3496500472996937,0.0731969910016945
1.7522704434236227,0.0,-1.5648027713620551,-0.1502429887982599
0.9356783931474612,0.0,0.0953441994413082,1.191707497107065
1.2715550949941588,0.0,-0.2634482160822491,-0.083717959849212
0.7216720640432351,0.0,0.6791427754381955,-1.1195461283831687
-1.1290517712172292,0.0,-0.3020454994898642,-0.3935298559697288
-0.5245202662797737,0.0,-0.3294477863470914,0.1786947168104756
0.489374561227918,0.0,0.7318707042882956,1.2292147842970504
-1.2221278088919454,0.0,0.3350580290841175,0.6030946849488336
0.7129984301723881,0.0,0.3161559571827783,-0.8505352787470439
-0.240325398158135,0.0,0.4692675898085262,2.485189916678892
-0.3748208075495975,0.0,-1.5355721232071058,0.2647753109779796
0.7109599682034915,0.0,0.756788679986982,1.2753907379990148
0.4442633114860397,0.0,0.6124687940136023,-0.1517144335772291
-0.3609661658190799,0.0,-1.0166831285764972,0.5333592447054494
1.159329803364248,0.0,-0.2440804736742013,0.8394685045184047
-1.081063327599897,0.0,-0.0393072876276311,1.218194711754256
0.6159356069442637,0.0,-0.1344967844017327,1.057368305378225
0.5931012579683838,0.0,0.3338599665685346,0.8721970000729778
-0.3095464393139903,0.0,1.4313667818311837,-0.3150867311941086
0.326133022242118,0.0,1.0817667276728289,-0.5717460419560614
-1.251113576385303,0.0,-1.3122191934314065,0.3326075103241975
0.924027019206901,0.0,0.6220699903060487,0.9331280723410692
-0.184902136442989,0.0,1.3289333195354096,-0.222720700776607
-0.5227230205190395,0.0,0.3868085206892026,1.0651719657143863
1.0490092258368893,0.0,1.090980425185967,1.4526167454861794
-0.7043436905427592,0.0,2.012270445700765,-0.9163209190734196
-1.4084612963635597,0.0,1.0237095461069814,-0.8369207037962799
-1.5566291735239035,0.0,0.2493085956417288,-0.1403750589053364
0.6060099513456396,0.0,1.0450884740847537,0.3076126681891964
-1.280429352496283,0.0,0.1448878330968911,-0.524567013767051
1.7547941819843649,0.0,0.0239030432849554,1.3522026788671444
-2.081929407883722,0.0,-0.3514142357137325,0.4240668615184512
1.6964563682900382,0.0,1.5634133588321082,0.0394470482407394
0.2110174672026184,0.0,-0.8184286659420014,-1.4359095238685275
-0.0967131118703923,0.0,1.532367724678116,-1.3158158164275071
-0.5449190868089497,0.0,0.4998641237403713,0.2810092502818063
0.3991361143520708,0.0,-1.3993061748019415,-2.132595626154836
-0.0376347024248483,0.0,0.3676492929914216,1.0126374096440718
1.1033018820165217,0.0,-2.100026507651624,-0.1581538443723203
0.1142276486620396,0.0,0.6255080168310357,3.2430929695947333
0.1503017614618776,0.0,0.885231482988991,2.3079162506161106
-0.3636122122138558,0.0,-0.5923559556520536,-0.1814490692475167
-0.0569456237210674,0.0,0.1235476959555823,-0.1063370025313149
0.3078017688920592,0.0,1.9541574337502865,0.9955815140020298
-1.7101683926566256,0.0,-0.5057467042619367,1.7031726099180378
-1.348185422105713,0.0,-1.0589075870566005,-1.6380290574360168
0.743264094022715,0.0,1.4816634024625988,-1.7863754653546866
0.1708654381279418,0.0,1.9625871905307948,-0.6220348055543814
-0.1839833363526791,0.0,0.0036956718478473,0.5827375831738644
0.0184339330653931,0.0,1.0114630354083562,0.4968735905075971
0.347581705361671,0.0,1.341475915530881,1.0697714549838502
-0.5397596803093615,0.0,-0.742484232538384,-1.1996975283653082
-0.7783047254023127,0.0,-0.4853058353678683,-2.3161438629688766
0.1958452550976815,0.0,1.230874513154735,0.8580141953021454
-0.978372777615032,0.0,1.6850142787085094,-0.8281962729652346
0.4082527557144718,0.0,0.5628808601743548,-2.018487864388638
-1.7025836042378404,0.0,-0.8798143535020543,0.1450637459593816
1.0291556373256436,0.0,1.9870611116994408,0.7931756882186773
0.472597482413043,0.0,-0.5309708978119645,-0.1220571321212772
0.2560297343138756,0.0,-0.3351377811714517,-0.4578483861824892
0.982690983945514,0.0,0.3423378344896214,-0.1593622321459065
1.6654744444625766,0.0,1.554160420714774,-0.3705827624007828
1.0143700650181304,0.0,0.8539759765522237,-1.3480471119401671
-1.8408742313316453,0.0,0.4148655003619104,-0.7146806769904318
-1.2795769667357015,0.0,0.4632885301181062,0.5212799050138145
-0.6248185776956788,0.0,0.043514668643466,0.3216785413765001
0.0260910502108337,0.0,0.5581395145185063,0.1680598059668202
0.517659020469123,0.0,-2.529560077694303,-0.9951484818533796
-0.7257438131534656,0.0,-0.2966074590697983,-0.1815031621356671
0.1867667644770783,0.0,0.241321934916781,-2.1770650464428547
-0.7553829323533225,0.0,-1.151014083619507,0.1784766638853897
-0.6115178029919482,0.0,0.38632331781156,1.4288577078135674
-1.4066610968482225,0.0,-0.2044712209861215,-1.4741321320421057
-0.9232332461109044,0.0,1.75547569831549,-0.5859276733177553
-1.3516846056163336,0.0,1.5730197252148563,0.3291067787101295
-0.9758732529773329,0.0,-0.4658055691181628,1.2528426344274837
1.0536417966078395,0.0,-0.1508377115666953,-0.4482246163001494
-0.949398888831943,0.0,-0.0739475656083926,-0.6922503292658964
2.632382064837391,0.0,-0.4516594761596227,-1.9689231424160831
0.4933179008808892,0.0,0.1950249840281267,0.1034381293081063
0.1848361236948739,0.0,-0.7582820688875902,2.042076040143744
-0.8583577801812136,0.0,-1.1306153349375263,0.2773584619646759
0.7003098794089914,0.0,0.6227112239002686,-0.0222789791837133
-0.5756378262377739,0.0,0.6295295842218108,0.3220823107669854
0.1220098146453614,0.0,-0.8043157596599924,-0.011092003948602
2.5600845382687947,0.0,0.8953554307625996,-0.8130143722601298
-0.0960598997246498,0.0,-0.6315777291653314,0.8232799156777053
1.1492733262856758,0.0,0.2531652380379812,0.2257615231117544
-0.7031764251258874,0.0,0.820344012612456,0.0176132519336573
-0.0349884904969617,0.0,-0.033612564703713,-0.97536602727825
1.77080063563551,0.0,0.4547409121411344,1.3035079319347591
-0.6269670577877674,0.0,-0.5164296438875717,0.6647027453331099
1.8124485579969287,0.0,-0.1964665834280971,-0.552920837367302
0.7077519354554754,0.0,-0.2058594308803403,1.0018248536819372
-0.5624667758942676,0.0,-0.7465783465402389,-0.4975708383852071
0.632407739055521,0.0,-0.1767741631157821,-0.782003492511037
0.97255444962673,0.0,-1.5486182988637467,-0.7597031174802871
0.6218099622171964,0.0,-0.4911537471421047,-1.7710685530880912
-1.5702247198904564,0.0,-0.2848754933696708,0.4715423804182057
-0.7271371758248686,0.0,-0.2561797524953801,-1.8311448783383504
-0.2475186355515047,0.0,-0.2414974458707788,-1.2284438312657626
-0.0744334291000462,0.0,-0.0617641998601289,-2.075588009078533
0.620672097550678,0.0,0.4794415180860639,-0.086069692790893
0.1777010009332538,0.0,0.8745170741325226,-0.150320460271872
-1.3353443587101013,0.0,-0.6497652268482671,-0.326696213186364
0.3801978510059632,0.0,-1.2032008553891445,-1.0425776946705765
0.6105857452838231,0.0,-1.042044412243103,-1.17223375343664
0.5597904479310398,0.0,-0.4872029211949271,0.4643698635465741
1.0807807255546218,0.0,-0.3519213178165091,-0.5505519317084877
0.8339221545489041,0.0,-0.7699960661974573,0.3163583215361447
0.4591800792284367,0.0,-1.2961166642498945,-0.8852486861242225
-0.070165711458647,0.0,-0.4561208274741882,0.1810627427710823
-1.6609609335159914,0.0,0.1814266201139713,1.3032780373160635
0.4296182191325858,0.0,0.5950294658355647,0.5861658003927833
0.2076876871631111,0.0,-0.5574230531083212,-0.4124138182164804
0.2715788371953734,0.0,-0.412997822143434,0.2571989703559273
-1.2767485758203094,0.0,-0.9266983088473107,-0.240665174530213
-1.0810565404082624,0.0,-0.0314391703747764,0.0078801846947281
1.0531528533329035,0.0,-0.8484286341908146,-0.3256110521485036
-0.039555153856655,0.0,0.5731278132412001,-0.1643352058853912
0.6815006973726244,0.0,-1.7858664919341112,0.2120933530741752
0.0283183761304611,0.0,-0.3596296724524624,-0.9933586995819508
0.0297561394957451,0.0,0.3011073391917421,-1.0158788269899783
0.9382838059759976,0.0,0.1838345163225043,-1.388542553831211
-0.5160447282173739,-0.0606608138146207,2.6930336639804966,-1.60027110450371
0.0961207769409833,-0.7084067669104628,0.3498000245679075,-1.2172826922204794
-0.4622752887050425,-1.5137143926128271,-1.0040545968420105,0.1594625068041291
-0.4344962274323156,-1.803139676255945,-0.095464247089073,-0.8927875154918841
-0.3091721234686393,-1.5841359430054898,-1.7762463334664518,0.5136144642310962
0.2221337716337128,0.2671266510114834,-0.0805997492967608,0.0347137487525618
-0.4787486216634773,0.5087250232299338,-0.8330560570007587,-1.9685042134380537
1.2557561255735208,-1.5811907020321334,0.9153902755601616,0.6549755842216898
-0.8946073022195039,0.8950383140761154,-0.5495402745955349,0.8107986455917099
-0.186871644161359,-0.4830610516834395,-0.1167659157952466,-0.9938626748348534
-0.4397310582741749,0.1467930119855493,-0.6355578414044034,0.4201915428949916
1.4469778843537329,1.6122206282554243,1.7388513518533313,-0.856498237409199
0.1965547765115746,0.8968393158655319,-0.3212427661179117,0.0976703767483354
1.0318445394686349,-0.2685306479058323,1.8325570434792016,-1.2644984069549656
-1.485560373036972,-0.8911922254152874,0.8141517621182666,-1.7931064525345768
0.2670502658692588,-2.151815401329305,0.4820667273353861,-0.3828171896129687
0.889630795623437,-0.7191533192424201,0.3687331473175197,-0.1237289462748361
0.0822839892754241,-0.2111302388276944,0.3937972982162515,-0.397679693614604
1.0654803750653512,-0.987179527151184,-1.92767257934561,-1.1840305582225594
-0.5172884501003722,-0.1312569670923047,-0.2788833941507565,-0.3998990621311371
1.40934744018558,0.0768518829587682,0.8451579711843216,0.269294752580734
2.2988981236192503,-0.2248559818080785,-0.0488971834741055,-0.0448930301225369
-0.362838560439659,-0.6500025808234597,-1.405189846803575,0.1825010305992134
-0.4455025214007718,0.1686546719667276,-0.0524044505774694,-0.6701152004542329
1.453384477117701,0.441940649569409,1.7041055162554912,1.1717179147161596
1.5795721457307124,-1.090399077442846,1.2468917155347194,-1.1761733365547806
-0.5228600271532683,1.41093237974627,-0.0620040093660317,0.4875602970867186
-0.4201868170958572,-0.0985881322842617,0.9514492770580866,1.1818910929599615
-0.2817846088605072,0.0188496229448476,-0.3665070203680518,0.4809080927488954
-1.344450511034277,0.7082144232565571,-1.703871586826719,-0.20252422706483
-0.9186519464841982,0.2332161312635016,-0.9244659881295544,-0.5282970466629792
-1.004140766752068,0.9531366339132452,1.5628887685081978,1.036087651046256
-0.7677975651041284,0.2871241652018242,-0.2739930818293042,-1.422974925261673
-0.0346848873867811,-0.6124373746404379,-0.243383979375018,-0.9701242603796436
0.2342147325365207,0.3615035252061016,-0.2998381962748805,-0.3975577654917214
1.5505004928140769,-1.1437262073206618,1.904136589573007,1.237653757511998
-0.998354040738791,0.1085597057765231,1.6259589153620633,0.379767636040896
0.9843223984765838,-0.0332299906444608,2.218780233448134,-0.9680457585102452
-0.2139888442255089,-0.2081168572725397,-0.1590452104000513,-0.3103077053849036
-0.0494637096524329,-0.1285375114389307,0.295624488747095,-0.6143231440962944
0.6748194921666038,-1.881849045497639,-1.5166425494207911,-0.7097889922335351
-1.1227220215622986,-0.5487249077409615,1.4769344261182744,0.9788895585567792
0.3824097461840506,0.0928449011411147,-1.167779551267935,-1.3717431292635056
0.1664522082130561,0.1598563919974003,0.2167755637626291,1.6087808557343737
0.4924512640081491,-1.027675140925958,-1.097302527632844,0.8282296901846228
0.2891686439078181,1.265707840864701,-0.5888668267386961,1.090861670603698
2.4553001399108942,-0.8661748482145009,-0.8372624310497003,-0.4629395120252583
-0.637739984251316,0.9694572005267368,-0.6078752606758179,-0.1499407190791093
-0.5309969550018176,0.4271943618716848,-0.5391227031489786,-1.433151814524712
-0.6231405264247644,-0.646227309843803,-0.5482687949250771,-0.524662407066803
-0.5554771191602547,1.775310892609512,0.8333339117803071,0.4936548476431509
-0.6373871273065177,-1.19363683175648,-1.10486279306252,1.2960630617813962
1.1890165311075518,0.9191541736100016,0.2205414270138668,-1.1071568168024517
1.4205042479898549,1.0005823180429785,1.2179591523055584,-0.3655059369852658
-0.5707462937494763,-0.6706202090766449,-0.513196364513396,-0.1512992202325223
-0.8323555731042287,1.3924653000643288,-0.7179188907476018,-1.3957892021924851
0.4714155563864041,-0.2500465145989528,-0.2305246251802508,0.5913492417584003
-0.5522230442809712,0.288693629279857,1.1797252083607102,-0.7239903317426091
0.6329318177555108,0.2603218387712207,0.1941076309533577,-0.1953903511770239
0.2029230208512997,-0.1343087414705478,-0.5312142946075985,-0.4519493719118777
-1.515744114997232,0.8108082731597821,0.4838766511880397,-0.7893385057196743
1.5475052013300616,0.793488720552213,-1.102292149836423,-0.0070449854805546
1.7958776730955217,-1.7485319732381808,0.681359510442948,-0.2156095785680223
-0.6127886904843862,1.3043402428781523,0.4086073077017676,-0.3718578822786655
-0.3877015599359841,-1.6624919880356743,-0.3078084711388841,-0.7284616216803428
0.2858653907249049,1.0325462043416571,-0.838585798447231,0.3195246707829554
0.334456789987025,1.126705136827583,-0.8866809222834573,1.653617268492285
0.6585442726728304,-1.0909664302151982,0.5348173363459102,0.1398872328391273
2.0102045387663496,-0.4108142879545848,1.228980502489062,0.996118214911129
-0.1769472274940494,-1.1057046684859355,-0.6373077470287948,-1.3902219251534629
-0.7982972445384537,-0.2149210302887353,0.4583867035514842,0.1577614392937694
-1.3793192280145272,-0.3080342841857412,-2.0870270186020687,-1.0973683189710666
-0.7309300399419191,0.7796605322693398,-0.5846177306571996,-1.4769249275319014
-0.033126972873797,1.3103087461196083,-0.0310589328709019,-0.7393714074590363
1.7945578635177877,1.395683810789956,-0.9096834169818336,1.1918993344135729
-0.5176112990361714,-0.5621680265783021,-0.936506374789596,0.9500158286696456
0.2237879516388985,-0.2092218737445277,-0.6677795564688862,0.2430047220543996
-0.016422896072752,-1.6834381922209505,0.2921927283263731,-1.5327005598899308
1.188393273448084,-0.8058700664961888,-0.1873290184063747,-0.1962806513879368
2.5269324258736217,0.9648516330974576,-2.238231233324972,0.3017000089017355
-0.5308687729203206,1.6155828235482317,-2.120700152635066,0.1755362295785979
-0.4894394425182221,-1.234348871879922,-0.6068651778571754,-1.8437935834807455
1.044160877069072,-0.5924642591528942,0.457686586053552,-0.8903178480198718
0.6818914896263114,-0.026405756958927,-2.7475048427252347,-0.0640777641487166
1.8467073257360336,0.2801611588196068,-0.4997301761516306,0.5362909095171899
0.5839281853259639,-0.8096035199216461,-0.5262478565174211,-2.1961278210999464
-0.3592920907870595,0.4240610444640897,1.3883377782084478,-0.1621239754798584
0.5906548306923093,-0.4738393470709161,-0.3850218117128636,0.1430487698789523
1.1087035805829075,-0.0144522708782791,0.3829889847409284,0.8496119885162131
0.820482181197364,0.5462842480036996,0.1412571400874632,0.6928575842374367
0.5072740311072977,0.0064222698109378,-2.1305664798072006,0.5825713188088052
1.066674689589154,-0.4363858905265686,0.7682072166317373,-0.7999405067019342
1.1692955904456728,-0.1096098039258308,0.2153965054562879,-1.908002137123308
1.3821589910375272,-0.0883629592053353,0.5082686396745896,-0.3930527570614009
0.6487098875896427,-0.3700110298821277,3.926237706436327,1.00163182520856
-0.1671180803168543,-0.2587960626671023,-2.0841129394985884,1.3934545275244314
0.1467136864333228,1.598647170504717,1.7246966497611085,0.7105491022977853
1.2065089665083568,0.5609194479412387,-0.2874475194003555,0.4293408228017343
-0.8169356709872361,-0.2954803180291603,0.2873289044030093,0.3796396483859655
0.3686733088729012,0.6969544045107356,91.36506395035066,-0.5561187467607805
-0.3933388123273607,-0.3338194897560099,99.68796511060916,-0.13006029355362
0.0287448229348174,1.173124637586641,100.18016872044448,1.669069525826331
1.2784518626072987,0.3696421921980939,104.72630345843406,-0.9425580057918764
0.1910990680199033,-0.1073021440042288,86.33141636719174,1.6147787907098514
0.0464365481561488,0.4477169258102776,105.92567273847332,-0.3220281544920584
-1.3598561409799192,-1.5708761520684993,72.95608368397225,1.3254321090950785
0.7462535660272207,-1.1267674689098053,93.70115447636188,-1.4068150094975382
0.6454841811410754,-1.1939250063990554,95.11726157548456,0.5859042011646491
2.16325472330546,0.1429430947637067,106.3332682607124,-0.736770135947622
-0.3077782349530008,1.732514999485092,100.22630852676868,-1.4152671919241877
0.2191503276639389,2.2313001461926323,85.94436946143713,0.2185340424109456
0.2493836837107552,0.6380511014407572,90.15006874182984,1.0094717885959688
1.5774532797634744,0.5008444749444569,101.98680009547408,-0.8449414385934964
-0.0952955323869521,-1.801057734152739,99.20932658135445,-1.4990159604584012
0.2790215257703392,-0.5426737997340217,94.20875890364252,-0.0918447643349551
0.6078965097165392,-0.7877837519082389,95.1916621048802,-0.087435328777181
0.1866091231563581,-0.620847598251116,106.96167997159289,0.5483196275544987
-0.4464336145505282,-0.1681438185847896,94.82307427130786,0.9495945713644882
0.1940899928983075,-0.4720905776971273,99.11908755970929,-0.059415181272494
1.073631749859772,-1.979299810375788,121.69936588080544,1.855503314794263
-1.0265152994110602,0.7479102561175338,85.76317363116077,0.2242347445352917
0.132969674146876,-1.0727430257398065,81.48157268425342,-0.3464265060068996
-0.7001208149391732,0.2392468641111495,107.83589664798606,-1.611567359102828
1.1950466289248425,2.074082669749973,93.21356938705895,-0.2626595203161677
-1.5231869047837747,-0.9193845915864234,96.8176247225738,-0.3363869454111362
-0.5589218472715883,-2.5302875227463297,92.18843621868886,0.9603047962814704
0.3772118750645208,-0.2860042218801108,97.40199859232489,0.462483624066854
1.5655240292343404,1.100959634998571,115.9853811209634,-1.1793691216326172
-0.0657502610729878,1.9583474542205936,108.0212845861812,0.1722543864110375
-0.5551995266931984,-1.2295495944524168,108.62223511886975,0.6715311717290534
1.88115706944059,0.4966992232365217,85.83772944207354,1.5280313593878327
-1.448013900416244,-0.4653104567800533,88.4884626344713,0.8875039674140593
-2.198805956620082,-0.1059483543041356,71.60921340514574,0.7608466543114778
0.4400144500533324,2.6443433470170348,91.90619178917244,0.0600859946151636
-0.5020542243526112,-1.5029703283951532,109.56703186385658,0.3883120054234496
-1.0212328171307132,0.2537396614945734,105.16946515748371,1.2495049007061587
0.7083564472993533,0.4676931717654332,97.78486737047876,-1.3327773974796495
0.2438007137711988,1.0857863249393471,99.77699716281948,-0.3494393272169559
-0.5640786307367284,0.0979831534708954,93.11114457424594,-0.7725687487562407
-1.2803043986708944,0.3080505395041023,102.04758882401784,0.3791531187261241
0.8724573282801447,-0.3916485674217911,107.65878279480614,1.2302221756507876
0.650201177958661,0.2691269412451073,83.84113212589527,-0.5969742867210739
-0.0991758637793829,-0.3431922754974105,102.99647687837349,-2.390304367469438
1.8466369960476656,0.6215718898560508,109.32434870954668,-0.4122207450244701
-1.0700847663261526,-0.3696103360436339,95.8489971103663,0.9134737320174066
-1.5255251709247388,0.3771003939021864,107.00700612120583,0.5376299029498797
-0.6919080698812444,-0.0292628136849783,128.14654444472552,0.4281862478105761
-0.0455860163554978,1.126050250772168,98.95657207013107,-0.2799933018744797
0.2433394493226918,-0.0513937235884862,103.93307050005323,-1.2790307362197864
-0.2412360578563298,-1.7730324682068814,92.61942916338607,-0.2412360578563298
0.3520553965142968,1.2619215007139917,0.7774073527645112,0.3520553965142968
-1.251539424190444,-0.9057323008626188,0.466670981966081,-1.251539424190444
1.4437646040732597,-0.6537663386488198,1.52100622715938,1.4437646040732597
-0.0821511783925688,-0.5956612940434921,-0.9489165208248372,-0.0821511783925688
1.1172958315881276,1.374438093170817,1.7473631979155582,1.1172958315881276
0.3427253463777041,-2.1356742139786955,0.9321915642603849,0.3427253463777041
0.4567532191537839,3.1377485336599937,-0.236555287218946,0.4567532191537839
0.5697672802322039,1.0560568090660518,1.135620147182944,0.5697672802322039
0.4477085600173149,0.2232389141291596,-1.1062935124116342,0.4477085600173149
0.6427227598675439,-0.0548940006162863,-0.8245141615276735,0.6427227598675439
1.3291525301324314,0.2855540748576569,-0.6085897232397004,1.3291525301324314
0.1965211697014701,0.5211224283793383,-0.5289777080640152,0.1965211697014701
0.7090037575885123,0.645215585950057,-1.0565576427602528,0.7090037575885123
-0.0897356942872267,0.5556044660034485,1.223083067095325,-0.0897356942872267
1.4401172154494728,0.0895806812552488,-0.2588544003698316,1.4401172154494728
-0.6763923020592697,-0.1973384203073261,0.3525049683568795,-0.6763923020592697
1.8009404329108156,-0.1512732836535117,-0.5703513664136806,1.8009404329108156
-0.0401579506443434,-0.194908280352681,-1.8206033005485167,-0.0401579506443434
-1.430775102118048,1.1337700968670643,0.2700573583914221,-1.430775102118048
0.1281044149107892,0.5935567222808619,-1.9122549754197768,0.1281044149107892
-0.6810516574748808,-2.94038863466428,-0.0686340460854686,-0.6810516574748808
0.8406435489887241,0.655900776529761,-1.3683150388328105,0.8406435489887241
-0.6526239793023909,0.1947361947187748,1.987275999230808,-0.6526239793023909
-0.4461834332147797,-0.0187087564458974,0.9113627221747216,-0.4461834332147797
-1.889540730945531,-0.3885184530888858,0.1057537912714804,-1.889540730945531
-0.4523063192490767,1.1241127199860137,1.2637066776546686,-0.4523063192490767
-2.4238793266289567,0.9475264621228578,-0.8463159774657358,-2.4238793266289567
-1.5839028234857233,-0.7728776678236091,0.543479378670093,-1.5839028234857233
0.7604146561442974,0.4070522871245351,0.1998104337187135,0.7604146561442974
0.7858001586508322,-0.971656734541286,0.26402008133367,0.7858001586508322
0.4254575617849647,-1.3796181647889303,1.2723535001067678,0.4254575617849647
-0.966976143129213,-0.6267172245899651,0.7324921027798023,-0.966976143129213
-0.0477113561419798,0.8623934723827588,0.2887236628250232,-0.0477113561419798
-0.0036025390905684,0.9531250453760868,-1.654887436228296,-0.0036025390905684
-1.1583646891925428,0.513085420097293,-0.9600462952794636,-1.1583646891925428
1.5033983017671506,0.7250957868479971,-0.1227089335957241,1.5033983017671506
0.8773622905756714,0.5161782871149584,0.0933723742766512,0.8773622905756714
-0.2209641738296639,-0.6414815952229522,-1.1302037246739238,-0.2209641738296639
0.0268858389945307,0.4319225446739406,2.411676675578421,0.0268858389945307
0.2083828079475524,0.8004095252276823,1.5163940552535728,0.2083828079475524
-2.04173486842429,0.7542913298135743,0.6021183203924835,-2.04173486842429
-0.2471773825205969,1.188913371474643,0.0720368612837447,-0.2471773825205969
-0.6819842479977986,0.7083038472010638,-0.2122089699011516,-0.6819842479977986
-1.0016200098949155,0.3514482075415829,-0.9519184600222356,-1.0016200098949155
-0.2811002928859549,1.0701502383164274,0.0774805185188625,-0.2811002928859549
1.7976865268495226,-0.02652125924906,0.2577525401427507,1.7976865268495226
0.6408428612670098,-0.8818746512277178,-1.2417605754816243,0.6408428612670098
-0.5711789897827968,-0.1630669639437638,0.3341764172448974,-0.5711789897827968
0.5725827813561586,-0.7449026448064491,-0.1552590488247487,0.5725827813561586
