id,feature1,feature2,feature3,target
1,0.4967141530112327,1.399355436586002,-0.6751782749743815,1
2,-0.1382643011711846,0.9246336829127688,-0.1445186707155178,1
3,0.6476885381006925,0.0596303699201741,-0.7924199209999613,1
4,1.5230298564080254,-0.6469367777055739,-0.3079615296390403,1
5,-0.2341533747233359,0.6982233136135899,-1.8936146669537857,0
6,-0.2341369569491805,0.3934853854217496,0.2132937073729385,0
7,1.5792128155073917,0.8951932200277323,0.0012054753622242,0
8,0.7674347291529088,0.6351718016819695,-0.8170886310681906,1
9,-0.4694743859349521,1.0495527153193351,0.6592456684324051,0
10,0.5425600435859647,-0.535235211560568,0.9375701376265584,1
11,-0.4634176928124622,1.3173940656343257,-1.607559864368974,0
12,-0.4657297535702568,0.1975996046923996,-0.7627247785662142,1
13,0.2419622715660341,2.075260872625265,-0.7691423497872982,0
14,-1.913280244657798,-0.6891878180895679,-0.9399031011088648,0
15,-1.7249178325130328,1.7359638031652491,0.8294748419317485,1
16,-0.5622875292409727,0.1979107834626478,-0.1938261387728035,0
17,-1.0128311203344238,-0.6514180036144483,-0.2645148413106107,1
18,0.3142473325952739,-0.4838858340543215,-2.003862364406753,0
19,-0.9080240755212108,-0.3203473081943201,0.6354180302092264,0
20,-1.4123037013352917,0.4241659464019164,-1.2392583948534726,1
21,1.465648768921554,0.5228354880354996,0.0599326302663282,1
22,-0.2257763004865356,-0.573700003938579,0.2773769379581917,0
23,0.0675282046879238,-0.0243545922609828,1.360658595838651,0
24,-1.4247481862134568,2.142270358611864,-1.308820399119112,0
25,-0.5443827245251827,1.7275431701007111,-3.0195121558208253,0
26,0.110922589709866,0.4363236696740321,0.1838495447536948,0
27,-1.1509935774223028,0.0380034781682002,1.8005111815108537,0
28,0.3756980183456719,0.1200313267182613,1.2389463529394371,1
29,-0.600638689918805,0.6135179727304166,0.2096594152746257,1
30,-0.2916937497932768,-1.0227925651984056,-0.4916361856320473,1
31,-0.6017066122293969,-0.2573765374233451,0.8071225966373103,0
32,1.8522781845089376,-1.6685840738775894,-0.9735461997044688,0
33,-0.0134972247379339,0.3992231226052792,0.4763577693562192,0
34,-1.0577109289559004,0.647195939702741,0.5054701591666269,1
35,0.822544912103189,-0.483186462299374,1.0602099074988798,1
36,-1.2208436499710222,1.5739867632900328,2.7596600389110777,0
37,0.2088635950047554,-1.2257656630023412,0.392415967178767,0
38,-1.959670123879776,-1.4643748802098202,-0.5089636257074988,1
39,-1.3281860488984305,0.224451818559972,-0.0255743121919944,1
40,0.1968612358691235,1.0470983026121543,-1.7690759048891185,1
41,0.7384665799954104,1.6839276914578687,-0.6947131310890582,0
42,0.1713682811899705,-0.45888426286894,-0.409282438113104,0
43,-0.1156482823882405,1.0786808334312956,-0.5240883979345925,0
44,-0.3011036955892888,-0.0385084695007072,0.152354872033722,1
45,-1.4785219903674274,-0.1726272999408196,-0.8224199323822006,1
46,-0.7198442083947086,0.8836599374866724,1.1210306673244714,0
47,-0.4606387709597875,0.6523228784134196,0.000207064918197,0
48,1.0571222262189155,-1.5763921569842494,-0.0093003211386144,1
49,0.3436182895684614,1.4765403497258958,-0.3278947165129178,0
50,-1.763040155362734,1.3800913541474515,0.1551906838589791,1
51,0.324083969394795,-0.6255627015095294,0.8250982646676347,1
52,-0.3850822804163165,0.395803533437409,-0.8671302157109003,0
53,-0.6769220003059587,0.4940301862827388,-0.6581164890752567,1
54,0.6116762888408679,0.2606737658239071,-0.3037260287766646,0
55,1.030999522495951,-0.5503051538454201,-1.345870923473215,1
56,0.9312801191161986,-0.6716233679380516,-0.8192578597214978,1
57,-0.8392175232226385,-0.0255540709914452,-0.476220873544659,0
58,-0.3092123758512146,1.172729019259365,0.8743891807127275,1
59,0.3312634314035639,0.5436001545944323,0.2625613290019249,0
60,0.9755451271223592,-0.3706143320861059,0.1935899113675443,0
61,-0.4791742378452899,0.7716987106483447,0.8508979621679722,1
62,-0.1856589766638171,-2.8485426206300755,-0.1373717883993966,0
63,-1.1063349740060282,1.1487657003721037,0.3904648499288896,0
64,-1.1962066240806708,-1.7397137787780996,-0.1032217529324962,0
65,0.812525822394198,-0.3624409414031321,0.2653623493996284,0
66,1.356240028570823,-1.119669894626144,-0.5827586576115821,0
67,-0.0720101215803338,-1.2946814757209058,-2.438817158276429,0
68,1.0035328978920242,1.1608267873785194,-0.1342791621863041,1
69,0.3616360250476341,-0.4677012013118913,1.42274813609994,0
70,-0.6451197546051243,0.3465038817307158,0.9262154022415924,1
71,0.3613956055084139,-0.046920578879184,0.9653974845911708,1
72,1.5380365664659692,0.4770408272231214,1.236130721806218,0
73,-0.0358260391099515,0.0768218910602553,0.0886575909614374,1
74,1.5646436558140062,-1.2829922241885696,0.1973157074055956,1
75,-2.6197451040897444,0.99626681944714,-0.6176518954343502,0
76,0.8219025043752238,-0.4937565831613125,-0.3160728560270497,0
77,0.0870470682381712,-1.556581898659751,0.6157711497711416,0
78,-0.2990073504658674,-0.4281151609659125,1.2038844371688162,1
79,0.0917607765355023,1.5007597906343109,-0.1394462756809995,1
80,-1.9875689146008928,0.8502217421134929,-0.4501892648514116,0
81,-0.2196718878375119,-0.3486521344078592,0.0005279588565972,0
82,0.3571125715117464,-0.3492577043184288,0.6012067489291149,1
83,1.477894044741516,-0.3216350512173826,-1.4438548161335418,1
84,-0.5182702182736474,2.076747983560841,-2.296180953137238,1
85,-0.8084936028931876,0.3819354522315533,-0.5505368494915835,1
86,-0.5017570435845365,0.4300416471910696,-1.2207124259141586,0
87,0.915402117702074,1.0302834540318422,-0.5081401976473109,1
88,0.3287511096596844,0.2387891590265135,-0.1477803188174715,1
89,-0.5297602037670388,-0.2590421458207031,-0.4532484090230134,1
90,0.5132674331133561,-0.1963498490849782,1.4524675344707454,1
91,0.0970775493480403,-0.0716012594140639,0.32674476460232,0
92,0.9686449905328892,-0.0372222365098415,0.3004743596108283,0
93,-0.7020530938773524,0.7276295436369798,0.6222071440434019,1
94,-0.3276621465977682,0.0519458858072994,-1.1388331177807691,1
95,-0.3921081531321576,0.7326400772155792,1.0391117874202689,0
96,-1.4635149481321186,-0.0807165801085823,-0.0757642865354598,0
97,0.296120277064576,0.0786351903160905,0.6704806172412126,1
98,0.2610552721798893,-1.998200684532108,-1.0718572330401557,1
99,0.0051134566424608,0.9163276747024814,-1.5537587660160643,0
100,-0.2345871333751469,0.3464884758979927,0.8178896580250287,0
101,,0.9980101098596522,0.3764095260975166,0
102,,-2.8962553781936893,-0.9020515543575104,0
103,,2.0883747047807275,-0.8696630812746944,0
104,,-0.1395896281551737,1.1254347844147694,0
105,,1.1081828167375165,-1.1894118928673278,1
106,,-1.0399059271255309,1.6426729532559634,0
107,,0.6127739050625697,-0.9006207346478687,0
108,,-1.053415563173656,0.638391925608383,0
109,,-0.6237689606958051,-0.3286184757489846,0
110,,1.914031353866786,0.6031874310823431,1
111,,-0.1906824007633465,-0.5441140021141926,1
112,,0.2174328731797228,-0.1627929060722942,0
113,,0.8700677306887542,0.0409191753957211,1
114,,0.4956818879726046,-1.0021874557814727,1
115,,0.1504189051435764,0.7408243454201259,1
116,,0.3649610024662254,-0.5132135664715852,1
117,,2.403415585238275,-0.2285999153400185,1
118,,-0.0576187970335853,-0.9943493746085122,1
119,,0.2010990467149675,-2.5623336587953105,0
120,,1.050654396007612,-0.191027762600169,0
121,,1.1055259329579838,2.412615421612916,0
122,,1.18703030556038,0.7846042878980238,0
123,,0.6387302220291846,-0.0192603797343946,0
124,,-1.1430049127304835,-0.2628908292082677,1
125,,1.633431532301096,0.0224658928120463,0
126,,-1.146345393018688,0.54711911517521,0
127,,0.3026354652390332,-1.1808128153088449,1
128,,-0.7542758500193579,1.114321694668872,1
129,,-0.0641383465929925,0.7153813154412441,0
130,,0.3287624103034804,0.7181857257079345,1
131,,0.321357215450273,0.4384757388097273,1
132,,0.4219207542352847,0.0196166576939899,1
133,,1.613711269058647,0.6728612359668199,1
134,,0.4535343015139798,0.591814133741378,0
135,,-0.2441566352906486,-0.3540407109410238,1
136,,0.9640871682883572,-0.573601772896901,0
137,,1.1894704889246406,0.1018562952619867,0
138,,-1.2276078151369925,1.5490201514951871,1
139,,0.597400069849858,-1.2391070756539009,1
140,,0.7011727423108983,-1.46752526575244,1
141,,-0.2975635033599919,0.1647608412365167,0
142,,1.3757068133116197,0.050887701856018,1
143,,-0.1500555870325267,0.1733416643704082,1
144,,0.1255764534715422,0.2439531979085002,1
145,,-0.1730718242838696,-0.2232022546348051,1
146,,0.0155790475814675,1.489863438602082,1
147,,-1.0962750868952018,-1.6009039784765156,0
148,,-1.4400508825942944,-0.828497024780246,1
149,,1.5945050632249722,-0.1032547601490473,1
150,,-0.8469613483183278,-1.6431888111541673,1
151,,-0.9913923494563072,-0.1758544044320711,0
152,0.3464482094969757,-2.153390113603715,1.6614701657280182,1
153,-0.6800247215784908,-0.6389617476895022,0.0208864882959617,0
154,0.2322536971610035,-1.3230897934074983,0.2307009057186834,0
155,0.2930724732986812,1.642015160136369,-1.2601647651725802,1
156,-0.7143514180263678,1.009817089342634,-0.6163614080394775,1
157,1.8657745111447568,-0.6881503451777238,-0.375196380323937,1
158,0.4738329209117875,2.2524358053443088,-0.317715096756234,0
159,-1.1913034972026486,0.9817654869915944,1.281643795003769,0
160,0.6565536086338297,-0.3248313835086224,0.5576910607251245,0
161,-0.9746816702273214,-2.499405714873573,-1.111457956937032,0
162,0.787084603742452,2.2909425725907417,0.2465047784320048,0
163,1.158595579007404,-1.389572466763596,0.4982217484967851,0
164,-0.8206823183517105,-1.6453987469568918,1.1401490385212665,1
165,0.9633761292443218,1.0225704320096405,1.5805406865683735,1
166,0.4127809269364983,2.439752406339273,-1.0150941918278686,0
167,0.82206015999449,1.3842728185105182,-0.8108575112103382,1
168,1.8967929826539476,0.5639091200523596,-1.2575778589146165,1
169,-0.2453881160028705,0.594754341665286,-0.2340198591069813,0
170,-0.7537361643574896,0.8534155587803077,0.4663583744463345,0
171,-0.8895144296255233,0.7589285897867651,0.987334516589102,1
172,-0.8158102849654383,0.2811914239693758,-0.0759510236425227,0
173,-0.0771017094141042,0.104201103951876,-0.3198475232548439,0
174,0.3411519748166439,-0.0625931278995224,0.1517579922487403,1
175,0.276690799330019,-0.7539645888666763,-0.835142901630023,0
176,0.8271832490360238,-0.280675076866774,2.0895387216947734,1
177,0.013001891877907,-1.6929568141953857,-1.6076610271180587,1
178,1.4535340771573169,-0.0983396267947498,0.1847405788957244,1
179,-0.2646568332379561,-0.9885911071509176,2.02360621922964,1
180,2.720169166589619,-1.103589317215771,0.0067998445599977,1
181,0.6256673477650062,0.1798941511534784,-0.1900390350014944,0
182,-0.8571575564162826,1.392002286344599,-0.3574454228104272,0
183,-1.0708924980611123,0.918316606002313,-0.1803916817624078,0
184,0.4824724152431853,-1.570500603623177,1.3728484746765302,0
185,-0.2234627853258509,-0.9896281365703375,-2.211861911329507,1
186,0.714000494092092,0.940771187988216,1.5334337012963255,1
187,0.4732376245735448,-0.9824873935383096,-1.423957152450145,0
188,-0.0728289126568727,-0.2246331499970246,-0.2666523292344148,1
189,-0.846793718068405,0.5500520990245519,-0.4292444202986618,0
190,-1.5148472246858646,-0.9683444548636352,0.5885532697707198,0
191,-0.4465149520670211,0.1053755061459599,-1.5981243518837476,0
192,0.8563987943234723,-1.3340254949182044,0.4621726660819428,1
193,0.2140937441302039,-0.6013676439512137,2.0243096232868525,1
194,-1.245738778711988,0.3197819341425369,-1.3631740045928105,1
195,0.173180925851182,-1.5929937335316693,0.1897061676103956,1
196,0.3853173797288368,0.440474737960399,-0.6619821777966091,0
197,-0.883857436201133,-0.0196377989266812,0.4258872061930357,1
198,0.1537251059455279,0.5524899544171478,0.019147777415752,1
199,0.0582087184459998,0.2239141340646614,-0.6414869090443096,1
200,-1.142970297830623,1.3641404299738442,0.487872284871074,0
101,,0.9980101098596522,0.3764095260975166,0
102,,-2.8962553781936893,-0.9020515543575104,0
103,,2.0883747047807275,-0.8696630812746944,0
104,,-0.1395896281551737,1.1254347844147694,0
105,,1.1081828167375165,-1.1894118928673278,1
106,,-1.0399059271255309,1.6426729532559634,0
107,,0.6127739050625697,-0.9006207346478687,0
108,,-1.053415563173656,0.638391925608383,0
109,,-0.6237689606958051,-0.3286184757489846,0
110,,1.914031353866786,0.6031874310823431,1
111,,-0.1906824007633465,-0.5441140021141926,1
112,,0.2174328731797228,-0.1627929060722942,0
113,,0.8700677306887542,0.0409191753957211,1
114,,0.4956818879726046,-1.0021874557814727,1
115,,0.1504189051435764,0.7408243454201259,1
116,,0.3649610024662254,-0.5132135664715852,1
117,,2.403415585238275,-0.2285999153400185,1
118,,-0.0576187970335853,-0.9943493746085122,1
119,,0.2010990467149675,-2.5623336587953105,0
120,,1.050654396007612,-0.191027762600169,0
121,,1.1055259329579838,2.412615421612916,0
222,-1.867265192591748,0.3098207102270275,-0.6475418056351592,0
223,0.6862601903745135,0.6337768809320985,0.7441919714999368,0
224,-1.6127158711896517,0.4137990974514982,-0.181224173218103,1
225,-0.4719318657894334,-0.1852876588777083,-0.649373038321426,1
226,1.088950596967366,-0.1298206997334261,1.321304032273012,0
227,0.0642800190954627,0.0438114719791096,1.4196030045136372,1
228,-1.077744777929306,-0.1470020016284886,-0.6004235657387051,0
229,-0.7153037092599682,0.9638791167949096,-1.866539951360616,0
230,0.6795977489346758,2.2105230015913517,1.007513689836922,0
231,-0.7303666317171367,-0.5574917850078336,-0.684629825760004,0
232,0.2164585895819748,-1.3698029795790778,0.7906255991627686,1
233,0.0455718399038137,-0.0882820483512548,-1.9701038177118355,1
234,-0.6516003476058171,2.5797093376543185,0.8925973382993092,1
235,2.1439440893253257,-0.8036745679697308,-1.2111719292807812,1
236,0.6339190223180112,1.6391168054440677,0.7307641190665245,0
237,-2.025142586657607,1.677700814076441,0.0142730678364341,1
238,0.1864543147694276,-0.5535882417079946,-0.9539394193966448,0
239,-0.661786464768388,0.5689830791852754,-0.4070363129267805,1
240,0.852433334796224,1.628396623128538,0.6863184569567008,1
241,-0.7925207384327007,-0.3791277409874871,0.1058944531152342,1
242,-0.114736441466899,-0.2035803601023617,0.5844129804724842,0
243,0.5049872789804571,-0.5816809139486437,1.976440584515485,0
244,0.8657551941701215,-1.0147567306928669,-1.5642416117110514,0
245,-1.2002964070557762,-0.6492775450660071,1.617212574968624,0
246,-0.3345012358409484,-1.2239402667622563,0.1043559375232129,1
247,-0.4749453111609562,0.034083468259226,-0.8987840483231282,0
248,-0.6533292325737119,-0.7699732310586418,-1.3303136257389898,0
249,1.7654542402810969,0.2337859117907477,-0.1891203907770335,1
250,0.4049817109609555,-1.5558956462036273,0.9216501119244592,1
251,-1.2608839543350452,0.330880232214457,-0.1275491203775342,0
252,0.917861947054776,0.8335289616089246,1.5111549302473477,1
253,2.122156197012633,-1.9937356425714556,-1.4511756900515589,0
254,1.0324652605511468,0.3740565698475721,-0.0120889478460545,1
255,-1.5193699659540134,1.2276689924732922,-1.252393444413119,0
256,-0.4842340728662513,-1.2096410186912054,0.3636318826249679,0
257,1.2669111491866227,1.6725723868377034,0.8868873900973003,0
258,-0.7076694656187807,0.4190190093660452,-0.4207617936810532,0
259,0.4438194281462284,-0.7050118557584089,-2.6042138566271342,0
260,0.7746340534293368,-0.055769077657706,0.1989481467964945,1
261,-0.926930471578083,0.5583269125217224,0.4367385517335095,0
262,-0.0595253560618,0.0760053914124115,0.4042947549616976,0
263,-3.241267340069073,0.5387559924463692,1.235782191822154,0
264,-1.0243876413342898,-0.9206735930793662,-1.0710536796490489,0
265,-0.2525681513931603,0.169360824036078,0.6802161054504494,0
266,-1.2477831819648495,-1.4137144969049802,1.192507512477975,1
267,1.6324113039316352,-0.1112260613487003,-1.7785875840065168,1
268,-1.430141377960633,-0.9039076414647896,0.3196518259189772,0
269,-0.4400444866969837,-0.7355299425897666,-0.5041798310076715,1
270,0.1307405772860913,1.2360931752104374,-0.0815226731016458,0
271,1.4412732890661155,1.091310120594269,0.3476764835383363,1
272,-1.4358621511794394,0.609138120907177,-0.4872285641135523,1
273,1.1631637521549596,-1.092312764672579,-0.6757080791616118,0
274,0.010233061019587,-0.3164084496948019,0.0341524174880246,1
275,-0.9815086510479508,1.2130976999791834,-1.0872459388628026,1
276,0.4621034742632707,0.1417169136399047,-1.0858251288851857,0
277,0.19905969557347,2.319329539981694,0.6793732829565033,0
278,-0.6002168771587947,0.3933178393943718,-1.148794035158656,1
279,0.0698020849900189,0.1920491164900316,0.6663125009092119,1
280,-0.3853135968617602,-0.3091164642025014,0.4625912928539512,1
281,0.113517345251248,0.1335409047822823,-1.7258067287905967,0
282,0.6621306745210467,-0.1524698363805439,-0.6775646523356551,1
283,1.586016816145352,0.7081086766885905,1.1941094030473725,1
284,-1.237815498826849,0.956702316794584,-0.9811655311396816,1
285,2.133033374656266,-0.7859894605079495,-0.4644042623093876,0
286,-1.9520877995225017,-1.331232953557778,0.4620608932518965,0
287,-0.1517850950355833,-1.8362053731032968,0.7833905092825955,0
288,0.5883172064845765,0.5079913269125437,-0.2515388860444957,0
289,0.2809918677350326,-1.1033666061738736,-0.5975101946916416,1
290,-0.6226995198205938,-2.152890592952483,1.4223698616985077,0
291,-0.2081222503572752,0.3885786045309641,1.7388996637975789,1
292,-0.4930009346588328,2.4929995174327906,0.9788580507817954,1
293,-0.5893647569442115,-0.0060709115398933,0.085318142565024,1
294,0.8496020970210246,0.8384907744516419,-0.8082657216409264,1
295,0.3570154859650473,0.081829358547565,-0.8304444065565653,0
296,-0.6929095952606542,-0.0988896531911426,0.5225141052657575,0
297,0.8995998754332507,0.9190764829877686,0.4183982208886837,0
298,0.3072995208766093,-0.2902745441886513,1.4015985929464294,0
299,0.8128621188389601,0.2673923140719029,0.6504500925361392,0
300,0.6296288419236122,0.3216978061960136,-1.503080301759818,1
301,-0.8289950109220723,1000.0,1.0519476177229186,0
302,-0.5601810401969696,1000.0,-0.9980606273144128,0
303,0.7472936051232618,1000.0,-0.3839712719523516,0
304,0.6103702654334648,1000.0,0.2502002062516945,0
305,-0.0209015939641481,1000.0,1.9956674897839644,1
306,0.117327383308782,1000.0,3.109918556005361,1
307,1.277664895788425,1000.0,0.6067230591361827,1
308,-0.5915713888358299,1000.0,-0.1831966187203878,1
309,0.5470973811700379,1000.0,0.5345056484805503,1
310,-0.202192652433894,1000.0,0.8876554258738361,0
311,-0.2176812032272203,1000.0,-0.3206676255571917,1
312,1.09877685198719,0.8177662992002871,1.7952113559123222,1
313,0.8254163489880298,1.3902075490173134,0.230070759191402,1
314,0.8135096360006385,0.5578103063518622,0.4977430890913942,0
315,1.305478807154329,0.0103526198433806,0.6659242520544614,0
316,0.021003841632759,-1.3118362323501596,0.4215866106144557,1
317,0.6819529712949639,-1.0651136630753726,0.8389405004696122,0
318,-0.310266756593456,-0.3052247043546676,-0.6172531865469232,0
319,0.3241663524884421,-0.6095122021592831,-0.5583017539460305,1
320,-0.1301430543676845,-0.186971302985446,-1.100154232971695,0
321,0.0969959649927181,0.0566499248971071,0.4395012306202264,0
322,0.5951570254369136,0.5296927543567308,0.7789365035121141,0
323,-0.8182206832334725,-0.0704987780590912,0.4577728661518858,1
324,2.09238727568546,0.4865016438262019,1.6744924333475373,1
325,-1.006017381499702,0.0644744148101202,-0.0055960188290465,1
326,-1.2141886127877322,-1.9754665663538715,0.6687416555925126,0
327,1.1581108735000678,-0.9393353938187544,-1.0917008761393143,1
328,0.7916626939629359,-0.1440875557216154,-0.387099702474401,0
329,0.6241198170521551,-1.2096947428411076,0.6955377575657775,0
330,0.6283455092642799,0.5999287299962045,0.849102110743144,0
331,-0.0122467728469146,1.5307508323436974,-0.2939669476641822,1
332,-0.8972543714858315,1.2187618516973169,-0.0715992518580668,1
333,0.0758045581937263,-0.213442870930208,-1.5178737466808094,1
334,-0.6771617115121117,1.490726136849952,-0.3570292008066094,1
335,0.9751197334177512,0.1486674572021115,0.8903831635197862,0
336,-0.1470573815021386,-0.3370859711180393,0.5752050161065663,1
337,-0.8254971967925115,-0.6134026635409398,0.5006657213812097,0
338,-0.3213858416529934,-0.3024696864881283,0.04977368718096,1
339,0.4129314542756243,-0.3881768185412287,0.0070631586281764,1
340,-0.5637245528039747,0.1704162223754877,-0.6603211394734471,1
341,-0.8222203955664315,0.1605739810498646,0.6988284202025348,0
342,0.2436872114919123,0.0030460201534144,0.4209729443893898,0
343,0.2449665711087227,0.4369381697463498,0.4920188479927992,0
344,-0.5069431753711298,1.190646274786341,-0.5260348426675804,0
345,-0.4710383056183228,0.9495541354413236,-2.1533429198712444,0
346,0.2320499373576363,-1.4848979684499035,1.0971527117536957,1
347,-1.448084341497324,-2.553921134901955,-0.4788374560084041,0
348,-1.4074637743765552,0.9343199112392736,-0.8627757640431206,0
349,-0.718444221252436,-1.366878698415421,0.6934789119139937,0
350,-0.2134471517118472,-0.2247654018926835,-0.3920126399191296,0
351,0.3109075655980046,-1.1701130260593595,1.0599363840466218,1
352,1.475356216949552,-1.80198043758002,0.6170059495766975,0
353,0.8576596232020194,0.541462728204788,0.6835693232004776,1
354,-0.1599385299634271,0.7591551603026468,-1.3659557112005345,1
355,-0.0190162079026888,-0.5765104007267194,1.2119439853864005,1
356,-1.0025293646378088,-2.59104229214491,0.261250531233856,0
357,-0.0185131359923899,-0.5462444482524828,-0.3692771392462031,1
358,-0.2886586389201383,0.3918040054025465,0.143388467342251,0
359,0.3227185603380895,-1.4789115687741288,-1.77623523289832,0
360,-0.827230943552323,0.1833599197791556,0.4086528114806708,0
361,0.5193465142411723,-0.0153098491729955,-1.0293715081820716,0
362,1.5327389130025777,0.5792914996010884,-1.3526702858435344,0
363,-0.1087601484568576,0.1195803684141532,-1.5223591862178911,1
364,0.4017117220989414,-0.9730689408815556,1.1126883749899252,1
365,0.6901439917111125,1.196571501664491,-0.6292633936927887,0
366,-0.4012204718858362,-0.15852957302697,1.5337277099164992,1
367,0.2240924818104167,-0.0273045395099318,-0.5358014630522978,0
368,0.0125924007817948,-0.933267959073196,-1.7073579575929467,1
369,0.0976760985488317,-0.4432822511915103,-1.1165244399486591,1
370,-0.7730097838554665,-0.8848027140269009,1.235811620006939,1
371,0.0245101742589427,-0.172946059923423,-0.1558981779366675,1
372,0.4979982912454497,1.7117084801423434,-0.5482872964906009,1
373,1.4511436077950417,-1.3719011429313563,0.1600182258527877,0
374,0.9592708260852068,-1.6135613978767411,0.501782736167545,0
375,2.1531824575115563,1.4711703274936083,1.1173988159024608,1
376,-0.7673475628880495,-0.2093236771518661,1.4484992298929262,0
377,0.8723206367206782,-0.6690727386599166,-0.3597686457890857,1
378,0.1833420057383517,1.0399046873960764,-1.3260476860820385,0
379,2.1898029332176723,-0.6056155397368641,-0.413465161123276,1
380,-0.8082982853551515,1.826009713546936,0.2602805065828861,1
381,-0.8397218421807761,0.6779258713392691,-0.9637589262106108,1
382,-0.5993926454440222,-0.4879114081457026,-0.9571509148950428,0
383,-2.123895724309807,2.1573082132655035,0.3437878815498854,0
384,-0.525755021680761,-0.6057149230033384,-0.0486523515704511,1
385,-0.759132661553698,0.742095372009307,0.0327969954115865,1
386,0.1503937864762076,0.2992925804064919,-0.7584953347000695,0
387,0.3417559757771594,1.301741289398798,-0.2304007142057673,0
388,1.8761708392158865,1.561511196726853,-0.9242331442683044,0
389,0.9504238381860504,0.0320041490657666,0.8901984111247868,0
390,-0.5769036556624031,-0.7534178703461835,1.0352493347237526,0
391,-0.898414671348358,0.4599721429391164,-1.8461878622380936,1
392,0.4919191715065057,-0.6777153697521061,-0.92951086019241,0
393,-1.3202332070206422,2.013387247526623,-1.496529255090079,1
394,1.8314587658543535,0.1365353310827374,-0.6500239344068982,1
395,1.179440120721287,-0.3653215513121087,-0.0834379697903608,0
396,-0.4691756521047048,0.1846803058649084,-1.44964521969853,0
397,-1.7131345290908775,-1.3471262895296965,-0.9218598131253132,1
398,1.3538723741654128,-0.9716140385106516,-1.0039573720814985,0
399,-0.1145398452526178,1.2004139079444254,0.2072673293989439,1
400,1.2378163119734618,-0.6568942789713957,0.0693443370362504,0
401,-1.594427658794367,-1.0469109826819396,0.0,0
402,-0.5993750229537729,0.5366527525272862,0.0,0
403,0.0052436997181831,1.185704154662997,0.0,1
404,0.046980593764742,0.7189533106650667,0.0,0
405,-0.4500654714792436,0.9960476858058164,0.0,1
406,0.6228499323474987,-0.7567950885694608,0.0,0
407,-1.0676204293825944,-1.4218106667418438,0.0,1
408,-0.1423794850212935,1.5013336519554867,0.0,0
409,0.1202956317118988,-0.3226798388421357,0.0,1
410,0.514438834058749,-0.2508330164550473,0.0,1
411,0.7116148780888898,1.328194141849058,0.0,1
412,-1.1246420918378692,0.5562300094006599,0.0,1
413,-1.5341141707356225,0.4558877720816076,0.0,1
414,1.277676821898509,2.165002344901084,0.0,1
415,0.3323140119795916,-0.643518230380143,0.0,0
416,-0.7484865365565536,0.9278401280812372,0.0,1
417,1.551151975522523,0.0570131248970845,0.0,1
418,0.1156746342928586,0.2685922788632569,0.0,1
419,1.1792971840638264,1.5284684264125317,0.0,0
420,0.0675184814101089,0.5078357562896237,0.0,0
421,2.060747924881987,0.538296079049633,0.0,0
422,1.7553408424432044,1.0725073373098022,0.0,1
423,-0.2489641484790735,-0.3649527295428853,0.0,0
424,0.9715709509543554,-0.8392096673390064,0.0,0
425,0.6453759495851475,-1.0448091940210336,0.0,1
426,1.3686315575323489,-1.9663565893760016,0.0,1
427,-0.9649234605801044,2.056207129940322,0.0,0
428,0.6860514599984393,-1.1032083657216831,0.0,1
429,1.0584244868495878,-0.221253623585772,0.0,1
430,-1.7587394864231145,-0.2768132998889206,0.0,1
431,-1.183258512665775,0.3074066978091007,0.0,1
432,-2.039232177760101,0.8157372125392968,0.0,0
433,-0.2694068344445577,0.8604734883597454,0.0,1
434,0.7175422557959623,-0.5830774385689385,0.0,0
435,1.502357052096028,-0.1671217137864115,0.0,0
436,0.0740947804197751,0.2825799504882996,0.0,0
437,1.6286155455712918,-0.248691126183547,0.0,0
438,-1.3801014582148914,1.6073455760199926,0.0,1
439,-1.7033824393551549,0.4909749516382513,0.0,1
440,-0.0555476988966187,0.7348777860498175,0.0,1
441,0.3840654489393073,0.6628812686674127,0.0,0
442,-0.0326947480940931,1.173473857485325,0.0,0
443,-2.0674421000398766,0.1810215587037069,0.0,0
444,-0.0891200395127884,-1.2968319479558466,0.0,1
445,-1.3044695005048532,0.3996879517526416,0.0,0
446,0.6696725488300385,-0.651356893791829,0.0,1
447,0.3665982460968482,-0.5286166817497568,0.0,1
448,-0.9398797863273552,0.5863640187550933,0.0,1
449,-0.5138669173366935,1.2382830714336357,0.0,1
450,-1.0592135218889516,0.0212715767360616,0.0,0
451,-0.0626790972731718,0.3088330125989638,0.0,1
452,0.9551423205012384,1.702214944635238,0.0,0
453,-0.9857260463355436,0.2407531794885682,0.0,1
454,0.5040465155178444,2.601683114180395,0.0,0
455,-0.5302576183724408,0.5655096456315442,0.0,0
456,-0.7928728322623442,-1.7607627591558177,0.0,1
457,-0.1070303599545578,0.7533416211045325,0.0,1
458,-1.035242322419374,0.3811583848827777,0.0,1
459,-0.553649305347182,1.2897527540827456,0.0,0
460,-1.1978778925888485,0.6731813512699584,0.0,1
461,1.9647251329163893,-0.1384559839837738,0.0,1
462,0.0352635519717286,-1.2242982362893655,0.0,0
463,-0.6997255079925856,-0.2090232572860252,0.0,1
464,0.213979910734222,-0.8505204542093001,0.0,0
465,-0.1123280496908298,-0.5805234498047227,0.0,1
466,-0.2209695995332229,0.5885784044206096,0.0,0
467,0.6141667000434252,1.6699045043514062,0.0,0
468,0.7575077100473051,0.3946715298229811,0.0,1
469,-0.5305011476105275,-1.1958830620351844,0.0,0
470,-0.57581824064468,0.4446026682201407,0.0,1
471,-0.275051697151644,1.196631486645651,0.0,1
472,-2.301921164735585,-0.6097829043193822,0.0,0
473,-1.5151910621985525,-0.1340171666729177,0.0,1
474,1.366874267444525,0.014688194729197,0.0,0
475,1.6449677135012837,-0.78489831308224,0.0,0
476,-0.2490360395563783,0.648280433843859,0.0,0
477,0.5765569630557664,-0.1209481486077815,0.0,0
478,0.3112501545435361,0.4195324439070277,0.0,0
479,3.0788808084552377,-0.8874921778021001,0.0,0
480,1.1195749114345768,-0.4374583003234104,0.0,0
481,-0.1279175914807665,0.7223813578277714,0.0,0
482,-0.9555404406004258,-0.372833152091767,0.0,1
483,-1.6064463202575725,1.7269638512334051,0.0,1
484,0.2034636358672231,-0.3996361856146023,0.0,0
485,-0.7563507452843033,0.2246847257518859,0.0,1
486,-1.4222537095976742,0.93259083187309,0.0,1
487,-0.6465728842425266,-1.4183657329330317,0.0,1
488,-1.081548003614395,-1.760808811980776,0.0,1
489,1.6871416350725648,-1.5256563145700948,0.0,1
490,0.8816397569494505,1.262584103427182,0.0,1
491,-0.0079726413166173,-0.5518581458924467,0.0,0
492,1.479944138890026,2.5581992856682523,0.0,1
493,0.0773683076476183,-0.5642475986573886,0.0,1
494,-0.8612842013282637,0.1845513031970369,0.0,1
495,1.5231240772696573,1.5421099525678756,0.0,1
496,0.5389100436846587,2.006092888159123,0.0,0
497,-1.0372461543264564,2.061503576636398,0.0,0
498,-0.1903386780836082,1.2083662305931424,0.0,0
499,-0.8756182533847572,1.0240625258114624,0.0,0
500,-1.382799730964336,0.5925269492011831,0.0,1
501,0.9261775475316414,0.7783610761666377,0.0,0
502,1.9094166404701305,-0.5511857163285334,0.9681846605328612,0
503,-1.3985675738191412,-0.8181988834223072,-0.3313083831833227,0
504,0.5629692366905709,-0.003374457410952,-0.6122367345077503,0
505,-0.6506425691218269,-0.1701846225249284,-1.085150526557798,1
506,-0.487125383764696,-0.4532280493272752,-0.8254105299789551,0
507,-0.5923939242388692,0.6963874474567153,2.949094425308725,1
508,-0.863990769679816,0.9553052085705108,1.2446795807367868,0
509,0.0485216279448269,0.0884068862918473,-1.3510743662080211,1
510,-0.8309501164110378,1.4775300810552618,-1.32245795674357,1
511,0.2704568257798388,-1.141689114133505,0.4818660617184915,0
512,-0.0502381094491369,-0.1936594592797181,0.547264797377967,0
513,-0.2389480468664097,-0.7168223206028049,0.5488838353173644,0
514,-0.907563662041598,-1.86653661707306,-0.2549557935536978,0
515,-0.5767713305683327,-0.0826806858426992,-0.1254542600029002,1
516,0.755391225825756,-0.1217475083832835,0.3278795241593574,1
517,0.5009171876243808,1.513449743242131,0.0858930062933304,0
518,-0.977555244798551,0.6308116845547775,-2.219300372747535,0
519,0.0993323054292258,-1.024186824329205,-0.2297996305751938,1
520,0.751387123371789,1.8540925663341885,-0.8514064342603136,0
521,-1.6694052811213718,1.221033695525353,0.175211418908512,1
522,0.543360192379935,0.5820977034686158,2.98525900260341,0
523,-0.6626237589458467,-0.2264840988498319,0.3674816654743044,1
524,0.5705986685931593,-0.9594392367234796,-0.3135296861723979,1
525,-0.7632591565425169,-0.372206776071053,0.9218015019772522,1
526,-1.804882100664519,1.088748619704186,0.4826878872092127,1
527,-1.6275424378831629,1.884586305934609,0.4200944904518413,1
528,0.0480849466613819,1.543243528272189,0.606850593215671,0
529,0.2597225017214818,-0.4888494217862741,2.0565435648295414,1
530,-0.9043166251044086,-1.1196174332890112,-1.1308884353259157,0
531,0.6385924587773739,0.1408862469112039,0.4736320768114544,1
532,-1.66152006226896,-1.7684393655628516,-0.9263811299815384,1
533,-0.0660797986473165,0.3231677141847814,0.5555126463422483,0
534,-1.211016199762457,-0.1476025862986686,-0.9186865114860944,0
535,-0.6518361078021592,-0.4660365018682422,-0.4173668136050844,0
536,0.047398671316414,-1.5947030672667954,-0.2950899142379063,0
537,-0.8604133652839524,0.5136001065697166,0.975816719344709,1
538,-0.3845555442298253,-0.5327008396619114,0.9184544439424138,0
539,1.0062928092144403,-1.169916835710288,-1.2457173764463845,1
540,-0.5768918695231487,-2.8722622132816493,0.0549341109998487,0
541,0.8356921120651418,-0.0275149050506362,-0.7095798547491726,0
542,-1.129706854657618,1.772251596669744,-1.2585049106753343,1
543,0.5298041779152828,1.66125921454787,-0.2170170504243704,1
544,1.4415686206579004,-0.4570962565862718,-0.3084827884558197,0
545,-2.4716445001272893,-0.6022120603617805,2.4267164863455224,1
546,-0.7968952554704768,0.4687742560750237,0.4329598253606961,1
547,0.57707212718054,-0.9983854391882916,-1.3776175007542373,1
548,-0.2030453860429927,0.3017918998194659,-0.5647740041709423,1
549,0.3711458733713088,0.7660802783846903,1.0213832954293984,1
550,-0.6039851867158206,1.2269332238843076,2.088442772869925,1
551,0.0865897874728999,-0.1001540764799527,-1.5859833122379583,1
552,-0.1556772353920794,-0.2036737501769658,-1.879924385139045,1
553,1.1677820616598074,-0.877982586756561,1.8709651753717824,0
554,0.2544208433012131,-0.82688035403986,0.3896141773709038,1
555,0.3376026620752022,-0.2264788919015267,-0.8682927318763665,0
556,-0.4118769661224674,0.3673655068161781,0.5346290861224353,1
557,-0.4876062240724935,0.9135846262332494,-2.6357477390168778,1
558,-0.4325581878196209,-0.8031789506803448,0.0033755065971609,1
559,0.3944521423782968,1.4926885689595215,0.3278211728430852,1
560,-0.4209844808202629,-0.2711236010425688,0.9242701395378298,0
561,0.2897748568964129,-0.0213672943484361,-1.0138959522925377,0
562,2.075400798645439,-0.7472116791478234,0.085687161403359,1
563,0.8711247034316923,-2.4242402602729416,-0.9254246260595872,0
564,-0.3260235321678411,0.8840453963610497,0.2553837556743171,1
565,1.2012139221639448,0.7368438970924334,-0.8953463223630241,1
566,-0.4080753730215514,-0.2813275571182134,-0.4081008391602206,0
567,-2.038124535177854,0.0669907172248719,-0.9958153947902292,0
568,-1.008086310917404,0.5159392177040995,0.651136241823657,1
569,-1.870791921025856,-1.562545856886543,0.8584511166566653,1
570,-0.3515134840413086,-0.5290526773462948,-0.2346205699574138,0
571,0.0184183791895517,0.7942646796218271,0.0382379949600283,1
572,1.6764373122752827,-1.2542894231692494,-1.448591414633544,0
573,0.3269273737641626,0.2935579321666293,-0.299676648006787,1
574,-0.2191005288088642,-1.356581804623405,-0.0502046170417447,1
575,0.8294055811834892,0.4664299824335263,2.620793091029975,0
576,-2.211135309007885,-0.0356414822974835,-1.1119670257741636,0
577,0.2356145581085659,-1.6151318159055097,1.4641772387524374,0
578,0.7708651938869668,1.1647393544571714,0.996858773465808,1
579,-1.4785862457798415,-0.7345915767980492,0.2806364044901364,1
580,1.143754043206929,-0.810252437014381,1.7586204841951334,1
581,0.3384964074944141,0.2005691972309428,0.3721054726068629,1
582,-0.4152879139008013,1.1486373494287152,0.3891591956679287,0
583,0.6327818661062848,-1.015821818978397,-0.0531206530175453,1
584,2.270692857804396,0.0616798498479716,1.2235688824186275,1
585,0.1818662550584951,0.4288165003305729,1.0964692338108837,1
586,0.248220586300336,0.6931056072631441,-0.6256772874962124,0
587,-0.4593608995402441,0.1764415552772252,-1.3192471945987674,1
588,-0.8498443694647918,-0.3670278390833223,-0.202980637395657,1
589,0.8303358165442456,-0.8275902206487197,-0.8000385643976464,0
590,-0.8560838259088672,0.0861438830463747,-0.0635245746153551,1
591,0.0715662372193924,-1.072139011985607,1.2374381346841392,1
592,-0.4776574467651167,-2.921350483494608,-0.45730165508679,0
593,0.4789798257463918,0.4365598041576678,-0.0428233813115748,1
594,0.3336621052869483,0.9039348410861952,0.0580227348083952,1
595,1.0375399442578992,-2.3629324355418384,0.8484308822052846,1
596,-0.510016398854747,-1.0097307047099375,-2.246889333984605,0
597,-0.2698749352933712,0.6191542610051978,-0.6067002947652967,1
598,-0.9787637157823074,2.0574954697116987,0.2112836922794727,1
599,-0.4442932600761116,0.0207937076754078,1.2000789564268612,0
600,0.3773004930448522,-0.7280029412291344,-0.4919024475062051,0
601,0.7569886166453519,-0.1828964411048401,-1.876552706041874,1
602,-0.9221653241776254,1.3748764191481848,0.6197114459661363,1
603,0.8696059201056602,-0.6459641791245353,-0.6353623888256293,1
604,1.355637858804951,-0.7991920066502536,-1.1896666590903613,1
605,0.4134349032237008,-0.4827435221820324,-0.6243453897132241,0
606,1.876795812558066,-0.9533286082587124,-0.1845253576558495,1
607,-0.773789199103573,0.1226703159947955,-0.6047446645382127,0
608,-1.244654703311417,1.6246784584695606,-2.205566057099069,0
609,-1.7787202489042786,0.3230792731160291,0.8970661968871322,1
610,1.496044311489183,-0.2523535021262876,1.2748750412787222,1
611,0.6543656563540577,-0.2918112689155441,0.6515219913395057,0
612,-0.055584670910455,-1.563190808696657,-1.1376856704248166,0
613,0.2799686263198203,0.883109777147159,-0.2014915339475179,1
614,-1.1254890472983765,-0.077837197012802,-0.006521315229458,0
615,2.4457519796168263,-0.1804799135906256,0.5987943895619102,1
616,0.1292211819752275,3.193107567844861,0.6683404887180808,1
617,0.1093947946048928,0.2987529083656862,-0.7341737987784958,0
618,0.725766623898692,-0.7517910500951843,0.0819955564135604,0
619,0.4810092317367132,-0.4263575962055433,0.4572804046152411,1
620,0.2238840242791313,1.1484457091967548,1.4558223221467663,0
621,-0.7904744554453119,0.1132704105377644,0.7045065398247231,1
622,0.4714683571359957,-1.4382779783173667,0.7890566873755189,1
623,1.8820244964750337,0.9192289345752036,0.0838266279293609,1
624,1.3454200461549777,-0.668144085538994,1.4104591452035038,0
625,1.593186626639397,1.8732977762175456,0.4097627959594974,1
626,-0.5112156764311852,1.0800480657146485,-0.8610879101735704,1
627,-0.9896048202585808,-0.4473218956587512,1.4033699701251907,1
628,-0.1257869200996481,1.281016361735113,0.6979032725390276,1
629,0.0557249122886946,0.0678555105274033,-0.4430440211284823,1
630,1.0941915184709483,0.8527736751222195,-0.4794929673992433,1
631,-1.6924646297148194,0.4847328172944747,0.2965755451407618,1
632,1.5295503194606137,-0.8463566549908735,0.4631847952675847,1
633,-0.1580078985789894,-0.643549832317462,0.1972922656312064,1
634,-0.42688106994742,1.0299608175811612,0.3113086734428849,1
635,-1.0121043752601675,-0.3347753321065408,1.6999573745763803,1
636,-1.6548566718657691,-0.4036484632419967,1.0715431522348855,0
637,0.8231705839619146,-0.955122579349353,0.1906355912650243,1
638,0.0733179671884038,0.423599065593461,0.9413105807674832,1
639,-1.289960899741054,2.062524919243145,-1.0325239035275395,1
640,-1.295078772063616,-1.0675329142542729,0.3979270499468089,0
641,-0.3357846992901282,0.024219456672758,1.80930634973311,1
642,1.669021525289393,1.4122205554154292,-0.2180458953923738,0
643,-0.2595913513636048,-0.0796413912457151,-0.8476339286190848,1
644,-1.5031429531181062,0.4523717962497339,-0.6520888885930607,1
645,-0.2457430640859443,-1.0623935281468797,-1.0896330373423884,0
646,-0.2727235697476705,0.4283070972076486,-0.7847619081277034,1
647,-2.696886642941572,-0.1871442650045487,-0.370508098590029,0
648,-0.0542948665178122,0.985729995679863,-1.405567019178642,0
649,-0.2309345302086779,1.1873860515647512,0.015618333949603,1
650,0.6962063648134184,2.589563642018614,0.9022771737866472,1
651,1.8489560949453447,0.5796331732135757,-0.9077561801469204,1
652,1.1265650295477574,0.3257963165821664,1.5192839236417688,1
653,-0.2688886905548305,0.194384301577336,0.5107920885275947,0
654,-1.1065259087416703,-0.3531662928106883,1.0305805856240573,0
655,2.5733598032498604,0.3384838434616911,-0.6578345538521371,1
656,0.0592184340144882,-0.2954014101390294,0.8545252270666157,0
657,0.0139292919129462,0.1684609762696143,-1.091933900395313,0
658,-0.0241250871100032,1.3175975356079597,0.8902475008365087,1
659,0.1980847607678549,-1.0065425652796411,0.1718393397935312,0
660,-0.1443604119239424,1.1398785611290454,0.5532512199847837,0
661,-0.5736620068802363,1.3171150673398653,-1.1755946056248516,1
662,-0.5468589412403921,-0.1180685269910787,-0.8950698422766047,0
663,-0.0327532702159983,-2.1218548990085946,0.5972282182533848,1
664,-0.543424771133765,-0.6078219870944325,-0.9483480042242008,0
665,-0.7128457826771644,1.2969945465611092,0.463206292099123,1
666,0.1064302276918968,-0.0228680622988821,-1.3671378064602455,0
667,-0.2549772174208553,-0.9993022322949108,0.8481742126666681,0
668,1.5039929885826886,-0.5047749212282174,-1.232523314768509,1
669,-2.650969808393012,0.840620026504553,0.5522999376795232,1
670,1.0915068519224618,0.5467335682013793,0.6256309336460009,1
671,1.246085192497629,-0.2389320991696943,-0.6967718184295749,1
672,-2.073390232408149,-0.3668244118146875,0.5820265670847269,0
673,-0.3426875940803487,-0.3917581490438219,0.2604422633335559,0
674,-0.3714408659957914,-0.9224101844985024,-0.5388418561927383,0
675,-1.4075116947178212,1.6153756894694418,-1.008554684076208,1
676,-0.7778166875908753,-0.3223204692113399,-1.962625691672579,0
677,-1.1105758454658288,1.2171585208254965,0.3496500472996937,0
678,1.7522704434236227,1.5213160519224511,-1.5648027713620551,1
679,0.9356783931474612,0.9983108981479604,0.0953441994413082,1
680,1.2715550949941588,-0.4316203127180484,-0.2634482160822491,0
681,0.7216720640432351,0.4037300903366094,0.6791427754381955,1
682,-1.1290517712172292,-0.0241956063909161,-0.3020454994898642,0
683,-0.5245202662797737,-0.903701860730128,-0.3294477863470914,0
684,0.489374561227918,0.324359281721603,0.7318707042882956,1
685,-1.2221278088919454,-1.1790397911598025,0.3350580290841175,0
686,0.7129984301723881,1.1876793884615635,0.3161559571827783,1
687,-0.240325398158135,-0.4646172972983931,0.4692675898085262,1
688,-0.3748208075495975,0.2011596558728393,-1.5355721232071058,0
689,0.7109599682034915,0.2832878715461421,0.756788679986982,0
690,0.4442633114860397,-0.2589049737040773,0.6124687940136023,0
691,-0.3609661658190799,0.5866938014752747,-1.0166831285764972,1
692,1.159329803364248,-0.4749036566225244,-0.2440804736742013,0
693,-1.081063327599897,0.8712972974572442,-0.0393072876276311,1
694,0.6159356069442637,-1.3459796802467483,-0.1344967844017327,1
695,0.5931012579683838,0.1263795795464118,0.3338599665685346,0
696,-0.3095464393139903,1.9389289990582848,1.4313667818311837,1
697,0.326133022242118,-1.0003313246055747,1.0817667276728289,0
698,-1.251113576385303,-0.6777449705248515,-1.3122191934314065,0
699,0.924027019206901,0.513907849658915,0.6220699903060487,0
700,-0.184902136442989,0.1795817819395979,1.3289333195354096,0
701,-0.5227230205190395,0.3506300992735592,0.3868085206892026,0
702,1.0490092258368893,0.4891871301476635,1.090980425185967,0
703,-0.7043436905427592,0.6347214685617699,2.012270445700765,0
704,-1.4084612963635597,1.1096998419562232,1.0237095461069814,1
705,-1.5566291735239035,0.4098186569285125,0.2493085956417288,0
706,0.6060099513456396,-0.2412576546185424,1.0450884740847537,1
707,-1.280429352496283,0.6725737012027313,0.1448878330968911,1
708,1.7547941819843649,1.899881934895216,0.0239030432849554,1
709,-2.081929407883722,-0.1326337463825735,-0.3514142357137325,0
710,1.6964563682900382,-0.9745293046706416,1.5634133588321082,1
711,0.2110174672026184,1.1070806692869728,-0.8184286659420014,1
712,-0.0967131118703923,-0.1203811639535982,1.532367724678116,0
713,-0.5449190868089497,-2.172669546014036,0.4998641237403713,0
714,0.3991361143520708,0.8474216771504216,-1.3993061748019415,1
715,-0.0376347024248483,-0.5353281859539227,0.3676492929914216,0
716,1.1033018820165217,-0.0905332823041607,-2.100026507651624,0
717,0.1142276486620396,0.3319803305690145,0.6255080168310357,0
718,0.1503017614618776,0.1904996797790664,0.885231482988991,0
719,-0.3636122122138558,0.7094518171390395,-0.5923559556520536,1
720,-0.0569456237210674,-0.4354863705698433,0.1235476959555823,0
721,0.3078017688920592,0.5131057981760827,1.9541574337502865,0
722,-1.7101683926566256,-0.2595466775839172,-0.5057467042619367,0
723,-1.348185422105713,0.738810480887503,-1.0589075870566005,1
724,0.743264094022715,0.6153674840130534,1.4816634024625988,1
725,0.1708654381279418,-0.9354387020445952,1.9625871905307948,0
726,-0.1839833363526791,1.0859821161750325,0.0036956718478473,0
727,0.0184339330653931,-0.535963445114048,1.0114630354083562,1
728,0.347581705361671,0.8080577982811451,1.341475915530881,0
729,-0.5397596803093615,0.3672873134013406,-0.742484232538384,0
730,-0.7783047254023127,1.8381836767951223,-0.4853058353678683,1
731,0.1958452550976815,-0.2234659823718521,1.230874513154735,0
732,-0.978372777615032,-0.3493167961181975,1.6850142787085094,0
733,0.4082527557144718,-0.0194196058877326,0.5628808601743548,1
734,-1.7025836042378404,-0.3031797828342754,-0.8798143535020543,1
735,1.0291556373256436,0.7999419019420501,1.9870611116994408,0
736,0.472597482413043,-1.616310608436588,-0.5309708978119645,1
737,0.2560297343138756,-1.053682419146354,-0.3351377811714517,0
738,0.982690983945514,-1.067802921579193,0.3423378344896214,0
739,1.6654744444625766,0.9503075919735756,1.554160420714774,0
740,1.0143700650181304,1.7106133725819253,0.8539759765522237,1
741,-1.8408742313316453,-0.1044492185374715,0.4148655003619104,1
742,-1.2795769667357015,-0.1688217231900106,0.4632885301181062,0
743,-0.6248185776956788,0.0700521631131813,0.043514668643466,0
744,0.0260910502108337,1.1618783026081905,0.5581395145185063,1
745,0.517659020469123,-0.927353134190574,-2.529560077694303,1
746,-0.7257438131534656,0.2383689827347851,-0.2966074590697983,1
747,0.1867667644770783,0.9751976297824296,0.241321934916781,0
748,-0.7553829323533225,0.5010941699398452,-1.151014083619507,1
749,-0.6115178029919482,0.1895816165987434,0.38632331781156,1
750,-1.4066610968482225,1.0010460925671412,-0.2044712209861215,0
751,-0.9232332461109044,-2.703232292999237,1.75547569831549,0
752,-1.3516846056163336,0.6778753195309076,1.5730197252148563,0
753,-0.9758732529773329,-0.6540756831274238,-0.4658055691181628,1
754,1.0536417966078395,-1.830632896856457,-0.1508377115666953,0
755,-0.949398888831943,0.5112025995249807,-0.0739475656083926,0
756,2.632382064837391,1.3736585451629575,-0.4516594761596227,0
757,0.4933179008808892,-0.1374485146276918,0.1950249840281267,0
758,0.1848361236948739,0.9528745472029388,-0.7582820688875902,1
759,-0.8583577801812136,1.6122782579886454,-1.1306153349375263,0
760,0.7003098794089914,1.3149144535840471,0.6227112239002686,1
761,-0.5756378262377739,1.639964529371393,0.6295295842218108,1
762,0.1220098146453614,0.7421274910718922,-0.8043157596599924,1
763,2.5600845382687947,0.0754336389015928,0.8953554307625996,0
764,-0.0960598997246498,-1.6019658118971685,-0.6315777291653314,1
765,1.1492733262856758,-0.2460624881299485,0.2531652380379812,0
766,-0.7031764251258874,-0.8432465953161917,0.820344012612456,0
767,-0.0349884904969617,2.1709427174978138,-0.033612564703713,0
768,1.77080063563551,-0.1758858124323366,0.4547409121411344,1
769,-0.6269670577877674,0.1232048067844856,-0.5164296438875717,0
770,1.8124485579969287,0.5514853760404675,-0.1964665834280971,0
771,0.7077519354554754,0.0436024463724537,-0.2058594308803403,0
772,-0.5624667758942676,1.695051040430753,-0.7465783465402389,1
773,0.632407739055521,-0.622649361734452,-0.1767741631157821,1
774,0.97255444962673,0.1946074552372427,-1.5486182988637467,1
775,0.6218099622171964,-0.7424705856980482,-0.4911537471421047,0
776,-1.5702247198904564,-1.3200225112207058,-0.2848754933696708,1
777,-0.7271371758248686,-0.6117690909052854,-0.2561797524953801,0
778,-0.2475186355515047,-0.037036797048412,-0.2414974458707788,0
779,-0.0744334291000462,-0.4293022245172599,-0.0617641998601289,1
780,0.620672097550678,-0.692420979873856,0.4794415180860639,0
781,0.1777010009332538,-1.406317463671834,0.8745170741325226,1
782,-1.3353443587101013,-0.0831055726286947,-0.6497652268482671,0
783,0.3801978510059632,-1.5047203740310022,-1.2032008553891445,1
784,0.6105857452838231,0.7600559636896026,-1.042044412243103,0
785,0.5597904479310398,0.0824397529345032,-0.4872029211949271,0
786,1.0807807255546218,-1.4575514994649306,-0.3519213178165091,0
787,0.8339221545489041,-0.3092090770498634,-0.7699960661974573,0
788,0.4591800792284367,-0.7521564055905832,-1.2961166642498945,0
789,-0.070165711458647,0.3191745104191804,-0.4561208274741882,1
790,-1.6609609335159914,1.3404504460231446,0.1814266201139713,0
791,0.4296182191325858,-1.8751724696457448,0.5950294658355647,1
792,0.2076876871631111,0.1150260791474171,-0.5574230531083212,1
793,0.2715788371953734,-0.1601327955666404,-0.412997822143434,1
794,-1.2767485758203094,0.6713400764504657,-0.9266983088473107,0
795,-1.0810565404082624,0.2131966282376891,-0.0314391703747764,0
796,1.0531528533329035,-0.7519693317388191,-0.8484286341908146,0
797,-0.039555153856655,-0.3190539356666181,0.5731278132412001,1
798,0.6815006973726244,-0.796025856803489,-1.7858664919341112,0
799,0.0283183761304611,1.0760071385985983,-0.3596296724524624,0
800,0.0297561394957451,0.0213116486719422,0.3011073391917421,1
801,0.9382838059759976,1.9011906857530076,0.1838345163225043,1
802,-0.5160447282173739,-0.0606608138146207,2.6930336639804966,1
803,0.0961207769409833,-0.7084067669104628,0.3498000245679075,1
804,-0.4622752887050425,-1.5137143926128271,-1.0040545968420105,1
805,-0.4344962274323156,-1.803139676255945,-0.095464247089073,1
806,-0.3091721234686393,-1.5841359430054898,-1.7762463334664518,0
807,0.2221337716337128,0.2671266510114834,-0.0805997492967608,1
808,-0.4787486216634773,0.5087250232299338,-0.8330560570007587,0
809,1.2557561255735208,-1.5811907020321334,0.9153902755601616,0
810,-0.8946073022195039,0.8950383140761154,-0.5495402745955349,0
811,-0.186871644161359,-0.4830610516834395,-0.1167659157952466,1
812,-0.4397310582741749,0.1467930119855493,-0.6355578414044034,0
813,1.4469778843537329,1.6122206282554243,1.7388513518533313,1
814,0.1965547765115746,0.8968393158655319,-0.3212427661179117,1
815,1.0318445394686349,-0.2685306479058323,1.8325570434792016,0
816,-1.485560373036972,-0.8911922254152874,0.8141517621182666,1
817,0.2670502658692588,-2.151815401329305,0.4820667273353861,0
818,0.889630795623437,-0.7191533192424201,0.3687331473175197,0
819,0.0822839892754241,-0.2111302388276944,0.3937972982162515,1
820,1.0654803750653512,-0.987179527151184,-1.92767257934561,0
821,-0.5172884501003722,-0.1312569670923047,-0.2788833941507565,0
822,1.40934744018558,0.0768518829587682,0.8451579711843216,0
823,2.2988981236192503,-0.2248559818080785,-0.0488971834741055,1
824,-0.362838560439659,-0.6500025808234597,-1.405189846803575,0
825,-0.4455025214007718,0.1686546719667276,-0.0524044505774694,1
826,1.453384477117701,0.441940649569409,1.7041055162554912,1
827,1.5795721457307124,-1.090399077442846,1.2468917155347194,0
828,-0.5228600271532683,1.41093237974627,-0.0620040093660317,0
829,-0.4201868170958572,-0.0985881322842617,0.9514492770580866,1
830,-0.2817846088605072,0.0188496229448476,-0.3665070203680518,1
831,-1.344450511034277,0.7082144232565571,-1.703871586826719,0
832,-0.9186519464841982,0.2332161312635016,-0.9244659881295544,0
833,-1.004140766752068,0.9531366339132452,1.5628887685081978,1
834,-0.7677975651041284,0.2871241652018242,-0.2739930818293042,1
835,-0.0346848873867811,-0.6124373746404379,-0.243383979375018,1
836,0.2342147325365207,0.3615035252061016,-0.2998381962748805,1
837,1.5505004928140769,-1.1437262073206618,1.904136589573007,1
838,-0.998354040738791,0.1085597057765231,1.6259589153620633,0
839,0.9843223984765838,-0.0332299906444608,2.218780233448134,1
840,-0.2139888442255089,-0.2081168572725397,-0.1590452104000513,1
841,-0.0494637096524329,-0.1285375114389307,0.295624488747095,0
842,0.6748194921666038,-1.881849045497639,-1.5166425494207911,0
843,-1.1227220215622986,-0.5487249077409615,1.4769344261182744,1
844,0.3824097461840506,0.0928449011411147,-1.167779551267935,1
845,0.1664522082130561,0.1598563919974003,0.2167755637626291,0
846,0.4924512640081491,-1.027675140925958,-1.097302527632844,1
847,0.2891686439078181,1.265707840864701,-0.5888668267386961,1
848,2.4553001399108942,-0.8661748482145009,-0.8372624310497003,0
849,-0.637739984251316,0.9694572005267368,-0.6078752606758179,1
850,-0.5309969550018176,0.4271943618716848,-0.5391227031489786,0
851,-0.6231405264247644,-0.646227309843803,-0.5482687949250771,0
852,-0.5554771191602547,1.775310892609512,0.8333339117803071,0
853,-0.6373871273065177,-1.19363683175648,-1.10486279306252,0
854,1.1890165311075518,0.9191541736100016,0.2205414270138668,1
855,1.4205042479898549,1.0005823180429785,1.2179591523055584,0
856,-0.5707462937494763,-0.6706202090766449,-0.513196364513396,1
857,-0.8323555731042287,1.3924653000643288,-0.7179188907476018,1
858,0.4714155563864041,-0.2500465145989528,-0.2305246251802508,1
859,-0.5522230442809712,0.288693629279857,1.1797252083607102,1
860,0.6329318177555108,0.2603218387712207,0.1941076309533577,1
861,0.2029230208512997,-0.1343087414705478,-0.5312142946075985,0
862,-1.515744114997232,0.8108082731597821,0.4838766511880397,0
863,1.5475052013300616,0.793488720552213,-1.102292149836423,0
864,1.7958776730955217,-1.7485319732381808,0.681359510442948,0
865,-0.6127886904843862,1.3043402428781523,0.4086073077017676,1
866,-0.3877015599359841,-1.6624919880356743,-0.3078084711388841,0
867,0.2858653907249049,1.0325462043416571,-0.838585798447231,1
868,0.334456789987025,1.126705136827583,-0.8866809222834573,1
869,0.6585442726728304,-1.0909664302151982,0.5348173363459102,0
870,2.0102045387663496,-0.4108142879545848,1.228980502489062,0
871,-0.1769472274940494,-1.1057046684859355,-0.6373077470287948,0
872,-0.7982972445384537,-0.2149210302887353,0.4583867035514842,0
873,-1.3793192280145272,-0.3080342841857412,-2.0870270186020687,1
874,-0.7309300399419191,0.7796605322693398,-0.5846177306571996,1
875,-0.033126972873797,1.3103087461196083,-0.0310589328709019,0
876,1.7945578635177877,1.395683810789956,-0.9096834169818336,1
877,-0.5176112990361714,-0.5621680265783021,-0.936506374789596,1
878,0.2237879516388985,-0.2092218737445277,-0.6677795564688862,1
879,-0.016422896072752,-1.6834381922209505,0.2921927283263731,0
880,1.188393273448084,-0.8058700664961888,-0.1873290184063747,1
881,2.5269324258736217,0.9648516330974576,-2.238231233324972,0
882,-0.5308687729203206,1.6155828235482317,-2.120700152635066,0
883,-0.4894394425182221,-1.234348871879922,-0.6068651778571754,1
884,1.044160877069072,-0.5924642591528942,0.457686586053552,1
885,0.6818914896263114,-0.026405756958927,-2.7475048427252347,0
886,1.8467073257360336,0.2801611588196068,-0.4997301761516306,1
887,0.5839281853259639,-0.8096035199216461,-0.5262478565174211,1
888,-0.3592920907870595,0.4240610444640897,1.3883377782084478,0
889,0.5906548306923093,-0.4738393470709161,-0.3850218117128636,0
890,1.1087035805829075,-0.0144522708782791,0.3829889847409284,0
891,0.820482181197364,0.5462842480036996,0.1412571400874632,0
892,0.5072740311072977,0.0064222698109378,-2.1305664798072006,1
893,1.066674689589154,-0.4363858905265686,0.7682072166317373,1
894,1.1692955904456728,-0.1096098039258308,0.2153965054562879,0
895,1.3821589910375272,-0.0883629592053353,0.5082686396745896,0
896,0.6487098875896427,-0.3700110298821277,3.926237706436327,0
897,-0.1671180803168543,-0.2587960626671023,-2.0841129394985884,1
898,0.1467136864333228,1.598647170504717,1.7246966497611085,0
899,1.2065089665083568,0.5609194479412387,-0.2874475194003555,1
900,-0.8169356709872361,-0.2954803180291603,0.2873289044030093,0
901,0.3686733088729012,0.6969544045107356,-0.0455122453012421,0
902,-0.3933388123273607,-0.3338194897560099,-0.4242363333980435,0
903,0.0287448229348174,1.173124637586641,-0.5698329282387588,1
904,1.2784518626072987,0.3696421921980939,0.3295087355730091,1
905,0.1910990680199033,-0.1073021440042288,-1.5171736966716791,1
906,0.0464365481561488,0.4477169258102776,0.7505791675217656,0
907,-1.3598561409799192,-1.5708761520684993,-0.4161944048852539,1
908,0.7462535660272207,-1.1267674689098053,-1.1300693390403578,1
909,0.6454841811410754,-1.1939250063990554,-0.4500128579958137,0
910,2.16325472330546,0.1429430947637067,1.2571492168625729,0
911,-0.3077782349530008,1.732514999485092,-0.5353350870162231,1
912,0.2191503276639389,2.2313001461926323,0.3584536182096202,1
913,0.2493836837107552,0.6380511014407572,-0.7309562757154733,1
914,1.5774532797634744,0.5008444749444569,0.7579218499236196,1
915,-0.0952955323869521,-1.801057734152739,0.6855077387902041,0
916,0.2790215257703392,-0.5426737997340217,1.8486088332964117,0
917,0.6078965097165392,-0.7877837519082389,-0.1755639454992155,0
918,0.1866091231563581,-0.620847598251116,0.6686548047579066,1
919,-0.4464336145505282,-0.1681438185847896,0.0980675395389445,1
920,0.1940899928983075,-0.4720905776971273,1.2958717818630143,0
921,1.073631749859772,-1.979299810375788,-0.7188323876087304,0
922,-1.0265152994110602,0.7479102561175338,0.7450053128772811,1
923,0.132969674146876,-1.0727430257398065,-0.1946972961166816,1
924,-0.7001208149391732,0.2392468641111495,-0.0641881771084977,0
925,1.1950466289248425,2.074082669749973,0.0917524844483728,0
926,-1.5231869047837747,-0.9193845915864234,0.2522403964266774,0
927,-0.5589218472715883,-2.5302875227463297,-0.1162290431219581,1
928,0.3772118750645208,-0.2860042218801108,0.2147131831705263,1
929,1.5655240292343404,1.100959634998571,1.5781180575621845,1
930,-0.0657502610729878,1.9583474542205936,0.9854496856152184,1
931,-0.5551995266931984,-1.2295495944524168,0.8691545924968965,1
932,1.88115706944059,0.4966992232365217,-0.4555395260238707,1
933,-1.448013900416244,-0.4653104567800533,-0.8892408282283243,0
934,-2.198805956620082,-0.1059483543041356,0.9553005582377528,0
935,0.4400144500533324,2.6443433470170348,0.8760467925297942,1
936,-0.5020542243526112,-1.5029703283951532,1.472670675750982,0
937,-1.0212328171307132,0.2537396614945734,-0.6039806259692295,1
938,0.7083564472993533,0.4676931717654332,-0.229548655360347,0
939,0.2438007137711988,1.0857863249393471,-1.6394841625254342,1
940,-0.5640786307367284,0.0979831534708954,-0.3924711060608729,0
941,-1.2803043986708944,0.3080505395041023,0.9965705105794472,0
942,0.8724573282801447,-0.3916485674217911,-0.4664953792281979,1
943,0.650201177958661,0.2691269412451073,0.6404797952008238,1
944,-0.0991758637793829,-0.3431922754974105,-0.1905031059978113,0
945,1.8466369960476656,0.6215718898560508,0.3240570282215606,0
946,-1.0700847663261526,-0.3696103360436339,-1.147691389815667,1
947,-1.5255251709247388,0.3771003939021864,0.085209449633901,0
948,-0.6919080698812444,-0.0292628136849783,-2.9911359709007237,1
949,-0.0455860163554978,1.126050250772168,-0.1868961581619848,1
950,0.2433394493226918,-0.0513937235884862,-1.63047324371514,0
951,-0.2412360578563298,-1.7730324682068814,1.205994516546816,1
952,0.3520553965142968,1.2619215007139917,0.7774073527645112,0
953,-1.251539424190444,-0.9057323008626188,0.466670981966081,0
954,1.4437646040732597,-0.6537663386488198,1.52100622715938,1
955,-0.0821511783925688,-0.5956612940434921,-0.9489165208248372,0
956,1.1172958315881276,1.374438093170817,1.7473631979155582,1
957,0.3427253463777041,-2.1356742139786955,0.9321915642603849,1
958,0.4567532191537839,3.1377485336599937,-0.236555287218946,1
959,0.5697672802322039,1.0560568090660518,1.135620147182944,0
960,0.4477085600173149,0.2232389141291596,-1.1062935124116342,1
961,0.6427227598675439,-0.0548940006162863,-0.8245141615276735,0
962,1.3291525301324314,0.2855540748576569,-0.6085897232397004,1
963,0.1965211697014701,0.5211224283793383,-0.5289777080640152,1
964,0.7090037575885123,0.645215585950057,-1.0565576427602528,1
965,-0.0897356942872267,0.5556044660034485,1.223083067095325,0
966,1.4401172154494728,0.0895806812552488,-0.2588544003698316,0
967,-0.6763923020592697,-0.1973384203073261,0.3525049683568795,1
968,1.8009404329108156,-0.1512732836535117,-0.5703513664136806,1
969,-0.0401579506443434,-0.194908280352681,-1.8206033005485167,0
970,-1.430775102118048,1.1337700968670643,0.2700573583914221,0
971,0.1281044149107892,0.5935567222808619,-1.9122549754197768,0
972,-0.6810516574748808,-2.94038863466428,-0.0686340460854686,1
973,0.8406435489887241,0.655900776529761,-1.3683150388328105,0
974,-0.6526239793023909,0.1947361947187748,1.987275999230808,1
975,-0.4461834332147797,-0.0187087564458974,0.9113627221747216,0
976,-1.889540730945531,-0.3885184530888858,0.1057537912714804,1
977,-0.4523063192490767,1.1241127199860137,1.2637066776546686,1
978,-2.4238793266289567,0.9475264621228578,-0.8463159774657358,1
979,-1.5839028234857233,-0.7728776678236091,0.543479378670093,0
980,0.7604146561442974,0.4070522871245351,0.1998104337187135,0
981,0.7858001586508322,-0.971656734541286,0.26402008133367,0
982,0.4254575617849647,-1.3796181647889303,1.2723535001067678,1
983,-0.966976143129213,-0.6267172245899651,0.7324921027798023,1
984,-0.0477113561419798,0.8623934723827588,0.2887236628250232,0
985,-0.0036025390905684,0.9531250453760868,-1.654887436228296,1
986,-1.1583646891925428,0.513085420097293,-0.9600462952794636,1
987,1.5033983017671506,0.7250957868479971,-0.1227089335957241,1
988,0.8773622905756714,0.5161782871149584,0.0933723742766512,0
989,-0.2209641738296639,-0.6414815952229522,-1.1302037246739238,1
990,0.0268858389945307,0.4319225446739406,2.411676675578421,0
991,0.2083828079475524,0.8004095252276823,1.5163940552535728,0
992,-2.04173486842429,0.7542913298135743,0.6021183203924835,0
993,-0.2471773825205969,1.188913371474643,0.0720368612837447,0
994,-0.6819842479977986,0.7083038472010638,-0.2122089699011516,0
995,-1.0016200098949155,0.3514482075415829,-0.9519184600222356,1
996,-0.2811002928859549,1.0701502383164274,0.0774805185188625,0
997,1.7976865268495226,-0.02652125924906,0.2577525401427507,0
998,0.6408428612670098,-0.8818746512277178,-1.2417605754816243,0
999,-0.5711789897827968,-0.1630669639437638,0.3341764172448974,1
1000,0.5725827813561586,-0.7449026448064491,-0.1552590488247487,1
